bitcoin_date,price,bitcoin_sats,one_dollar_sats
8/2/2017,2697.85,100000000,37067
8/3/2017,2777.37,100000000,36005
8/4/2017,2845.9,100000000,35138
8/5/2017,3237.07,100000000,30892
8/6/2017,3189.73,100000000,31351
8/7/2017,3356.71,100000000,29791
8/8/2017,3410.45,100000000,29322
8/9/2017,3330.9,100000000,30022
8/10/2017,3367.91,100000000,29692
8/11/2017,3562.59,100000000,28069
8/12/2017,3800.14,100000000,26315
8/13/2017,4023.25,100000000,24855
8/14/2017,4175.7,100000000,23948
8/15/2017,4149.31,100000000,24100
8/16/2017,4262.56,100000000,23460
8/17/2017,4286.92,100000000,23327
8/18/2017,4097.69,100000000,24404
8/19/2017,4115.21,100000000,24300
8/20/2017,4001.23,100000000,24992
8/21/2017,3935.23,100000000,25411
8/22/2017,4008.42,100000000,24948
8/23/2017,4069.08,100000000,24576
8/24/2017,4167.29,100000000,23996
8/25/2017,4199.89,100000000,23810
8/26/2017,4123.51,100000000,24251
8/27/2017,4116.47,100000000,24293
8/28/2017,4216.24,100000000,23718
8/29/2017,4394.06,100000000,22758
8/30/2017,4553.81,100000000,21960
8/31/2017,4702.94,100000000,21263
9/1/2017,4863.19,100000000,20563
9/2/2017,4556.6,100000000,21946
9/3/2017,4632.46,100000000,21587
9/4/2017,4317.19,100000000,23163
9/5/2017,4447.88,100000000,22483
9/6/2017,4592.25,100000000,21776
9/7/2017,4584.82,100000000,21811
9/8/2017,4285.21,100000000,23336
9/9/2017,4245.61,100000000,23554
9/10/2017,4132.66,100000000,24197
9/11/2017,4164.98,100000000,24010
9/12/2017,4130.96,100000000,24207
9/13/2017,3883.65,100000000,25749
9/14/2017,3100.67,100000000,32251
9/15/2017,3587.94,100000000,27871
9/16/2017,3606.28,100000000,27729
9/17/2017,3553.43,100000000,28142
9/18/2017,4012.29,100000000,24923
9/19/2017,3898.93,100000000,25648
9/20/2017,3858.02,100000000,25920
9/21/2017,3628.06,100000000,27563
9/22/2017,3622.18,100000000,27608
9/23/2017,3763.41,100000000,26572
9/24/2017,3672.31,100000000,27231
9/25/2017,3866.71,100000000,25862
9/26/2017,3852.94,100000000,25954
9/27/2017,4134.21,100000000,24188
9/28/2017,4134.88,100000000,24184
9/29/2017,4130.42,100000000,24211
9/30/2017,4297.79,100000000,23268
10/1/2017,4347.58,100000000,23001
10/2/2017,4383.33,100000000,22814
10/3/2017,4319.07,100000000,23153
10/4/2017,4231.46,100000000,23632
10/5/2017,4290.38,100000000,23308
10/6/2017,4347.55,100000000,23001
10/7/2017,4405.02,100000000,22701
10/8/2017,4562.32,100000000,21919
10/9/2017,4758.72,100000000,21014
10/10/2017,4769.48,100000000,20967
10/11/2017,4807.93,100000000,20799
10/12/2017,5331.62,100000000,18756
10/13/2017,5610.49,100000000,17824
10/14/2017,5679.22,100000000,17608
10/15/2017,5684.05,100000000,17593
10/16/2017,5728.93,100000000,17455
10/17/2017,5643.86,100000000,17718
10/18/2017,5592.78,100000000,17880
10/19/2017,5696.38,100000000,17555
10/20/2017,5952.77,100000000,16799
10/21/2017,6043.97,100000000,16545
10/22/2017,6003.46,100000000,16657
10/23/2017,5959.98,100000000,16779
10/24/2017,5550.08,100000000,18018
10/25/2017,5704.87,100000000,17529
10/26/2017,5883.05,100000000,16998
10/27/2017,5775.52,100000000,17314
10/28/2017,5734.31,100000000,17439
10/29/2017,6123.55,100000000,16330
10/30/2017,6104.39,100000000,16382
10/31/2017,6368.65,100000000,15702
11/1/2017,6714.79,100000000,14893
11/2/2017,7059.79,100000000,14165
11/3/2017,7234.74,100000000,13822
11/4/2017,7390.54,100000000,13531
11/5/2017,7416.27,100000000,13484
11/6/2017,7103.05,100000000,14078
11/7/2017,7166.74,100000000,13953
11/8/2017,7461.82,100000000,13402
11/9/2017,7186.29,100000000,13915
11/10/2017,6656.84,100000000,15022
11/11/2017,6365.4,100000000,15710
11/12/2017,5866.51,100000000,17046
11/13/2017,6423.09,100000000,15569
11/14/2017,6652.22,100000000,15033
11/15/2017,7297.67,100000000,13703
11/16/2017,7814.94,100000000,12796
11/17/2017,7783.54,100000000,12848
11/18/2017,7827.63,100000000,12775
11/19/2017,8011.15,100000000,12483
11/20/2017,8220.51,100000000,12165
11/21/2017,8114.13,100000000,12324
11/22/2017,8257.12,100000000,12111
11/23/2017,8117.66,100000000,12319
11/24/2017,8278.13,100000000,12080
11/25/2017,8743.16,100000000,11438
11/26/2017,9342.99,100000000,10703
11/27/2017,9831.4,100000000,10171
11/28/2017,10257.07,100000000,9749
11/29/2017,9875.89,100000000,10126
11/30/2017,10406.19,100000000,9610
12/1/2017,10995.72,100000000,9094
12/2/2017,11162.55,100000000,8959
12/3/2017,11256.7,100000000,8884
12/4/2017,11634.98,100000000,8595
12/5/2017,12174.25,100000000,8214
12/6/2017,13876.47,100000000,7206
12/7/2017,18491.18,100000000,5408
12/8/2017,16908,100000000,5914
12/9/2017,15266.43,100000000,6550
12/10/2017,15808.51,100000000,6326
12/11/2017,17106.51,100000000,5846
12/12/2017,17249.92,100000000,5797
12/13/2017,16525.04,100000000,6051
12/14/2017,16865.36,100000000,5929
12/15/2017,17978.63,100000000,5562
12/16/2017,19665.39,100000000,5085
12/17/2017,19423.58,100000000,5148
12/18/2017,19188.05,100000000,5212
12/19/2017,18174.19,100000000,5502
12/20/2017,17059.89,100000000,5862
12/21/2017,16355.24,100000000,6114
12/22/2017,14084.82,100000000,7100
12/23/2017,15241.92,100000000,6561
12/24/2017,14451.11,100000000,6920
12/25/2017,14302.75,100000000,6992
12/26/2017,16616.68,100000000,6018
12/27/2017,16373.08,100000000,6108
12/28/2017,15067.9,100000000,6637
12/29/2017,15096.56,100000000,6624
12/30/2017,13620.36,100000000,7342
12/31/2017,14839.59,100000000,6739
1/1/2018,14093.61,100000000,7095
1/2/2018,15321.93,100000000,6527
1/3/2018,15583.89,100000000,6417
1/4/2018,15976.37,100000000,6259
1/5/2018,18336.92,100000000,5453
1/6/2018,18343.66,100000000,5451
1/7/2018,17039.87,100000000,5869
1/8/2018,15900.37,100000000,6289
1/9/2018,15604.72,100000000,6408
1/10/2018,15509.27,100000000,6448
1/11/2018,14050.57,100000000,7117
1/12/2018,14759.29,100000000,6775
1/13/2018,15193.31,100000000,6582
1/14/2018,14476.59,100000000,6908
1/15/2018,14412,100000000,6939
1/16/2018,11723.91,100000000,8530
1/17/2018,11415.39,100000000,8760
1/18/2018,11569.42,100000000,8643
1/19/2018,11758.47,100000000,8505
1/20/2018,13260.27,100000000,7541
1/21/2018,11703.5,100000000,8544
1/22/2018,10991.6,100000000,9098
1/23/2018,10894,100000000,9179
1/24/2018,11277.12,100000000,8868
1/25/2018,11225.25,100000000,8908
1/26/2018,11044.91,100000000,9054
1/27/2018,11456.21,100000000,8729
1/28/2018,11665.7,100000000,8572
1/29/2018,11157.66,100000000,8962
1/30/2018,11095.21,100000000,9013
1/31/2018,9989.69,100000000,10010
2/1/2018,10114.5,100000000,9887
2/2/2018,9070.56,100000000,11025
2/3/2018,8830.16,100000000,11325
2/4/2018,8994.91,100000000,11117
2/5/2018,8315.52,100000000,12026
2/6/2018,6852.05,100000000,14594
2/7/2018,7711.22,100000000,12968
2/8/2018,7611.61,100000000,13138
2/9/2018,8208.57,100000000,12182
2/10/2018,8650.72,100000000,11560
2/11/2018,8574.68,100000000,11662
2/12/2018,8168.64,100000000,12242
2/13/2018,8911.4,100000000,11222
2/14/2018,8518.27,100000000,11739
2/15/2018,9428.03,100000000,10607
2/16/2018,10112.58,100000000,9889
2/17/2018,10155.28,100000000,9847
2/18/2018,11006.65,100000000,9085
2/19/2018,10523.43,100000000,9503
2/20/2018,11103.09,100000000,9007
2/21/2018,11502.38,100000000,8694
2/22/2018,9973.59,100000000,10026
2/23/2018,10032.86,100000000,9967
2/24/2018,10301.88,100000000,9707
2/25/2018,9742.63,100000000,10264
2/26/2018,9699.52,100000000,10310
2/27/2018,10355.58,100000000,9657
2/28/2018,10709.39,100000000,9338
3/1/2018,10346.66,100000000,9665
3/2/2018,10859.55,100000000,9208
3/3/2018,11098.08,100000000,9011
3/4/2018,11356.04,100000000,8806
3/5/2018,11286.68,100000000,8860
3/6/2018,11526.42,100000000,8676
3/7/2018,10727.72,100000000,9322
3/8/2018,9999.68,100000000,10000
3/9/2018,9420.85,100000000,10615
3/10/2018,9276.34,100000000,10780
3/11/2018,8890.87,100000000,11247
3/12/2018,9512.46,100000000,10513
3/13/2018,9232.71,100000000,10831
3/14/2018,9216.53,100000000,10850
3/15/2018,8307.22,100000000,12038
3/16/2018,8359.37,100000000,11963
3/17/2018,8520.01,100000000,11737
3/18/2018,8063.41,100000000,12402
3/19/2018,8217.84,100000000,12169
3/20/2018,8640.52,100000000,11573
3/21/2018,8926.82,100000000,11202
3/22/2018,8970.32,100000000,11148
3/23/2018,8736.39,100000000,11446
3/24/2018,8824.59,100000000,11332
3/25/2018,8621.15,100000000,11599
3/26/2018,8478.64,100000000,11794
3/27/2018,8186.2,100000000,12216
3/28/2018,7836.76,100000000,12760
3/29/2018,7930.78,100000000,12609
3/30/2018,7126.9,100000000,14031
3/31/2018,6897.27,100000000,14498
4/1/2018,6975.28,100000000,14336
4/2/2018,6836.57,100000000,14627
4/3/2018,7080.42,100000000,14123
4/4/2018,7464.36,100000000,13397
4/5/2018,6845.32,100000000,14609
4/6/2018,6855.42,100000000,14587
4/7/2018,6628.75,100000000,15086
4/8/2018,6884.48,100000000,14525
4/9/2018,6984.81,100000000,14317
4/10/2018,6778.49,100000000,14753
4/11/2018,6829.32,100000000,14643
4/12/2018,6925.1,100000000,14440
4/13/2018,7836.4,100000000,12761
4/14/2018,7845.75,100000000,12746
4/15/2018,7897.72,100000000,12662
4/16/2018,8258.07,100000000,12109
4/17/2018,8031,100000000,12452
4/18/2018,7873.64,100000000,12701
4/19/2018,8097.42,100000000,12350
4/20/2018,8277.46,100000000,12081
4/21/2018,8499.45,100000000,11765
4/22/2018,8878.43,100000000,11263
4/23/2018,8769.01,100000000,11404
4/24/2018,8881.39,100000000,11259
4/25/2018,9716.49,100000000,10292
4/26/2018,8825.2,100000000,11331
4/27/2018,9221.87,100000000,10844
4/28/2018,8940.38,100000000,11185
4/29/2018,9249.66,100000000,10811
4/30/2018,9325.63,100000000,10723
5/1/2018,9198.19,100000000,10872
5/2/2018,9024.39,100000000,11081
5/3/2018,9122.65,100000000,10962
5/4/2018,9551.14,100000000,10470
5/5/2018,9634.54,100000000,10379
5/6/2018,9766.24,100000000,10239
5/7/2018,9583.87,100000000,10434
5/8/2018,9308.27,100000000,10743
5/9/2018,9149.52,100000000,10930
5/10/2018,9248.96,100000000,10812
5/11/2018,8969.94,100000000,11148
5/12/2018,8405.56,100000000,11897
5/13/2018,8480.58,100000000,11792
5/14/2018,8683.99,100000000,11515
5/15/2018,8696.97,100000000,11498
5/16/2018,8473.35,100000000,11802
5/17/2018,8343.13,100000000,11986
5/18/2018,8056.05,100000000,12413
5/19/2018,8202.83,100000000,12191
5/20/2018,8180.63,100000000,12224
5/21/2018,8443.26,100000000,11844
5/22/2018,8355,100000000,11969
5/23/2018,8009.3,100000000,12485
5/24/2018,7556.32,100000000,13234
5/25/2018,7563.44,100000000,13222
5/26/2018,7472.02,100000000,13383
5/27/2018,7328.87,100000000,13645
5/28/2018,7326.64,100000000,13649
5/29/2018,7111.07,100000000,14063
5/30/2018,7451.23,100000000,13421
5/31/2018,7380.85,100000000,13549
6/1/2018,7460.17,100000000,13405
6/2/2018,7487.08,100000000,13356
6/3/2018,7567.51,100000000,13214
6/4/2018,7639.88,100000000,13089
6/5/2018,7463.65,100000000,13398
6/6/2018,7569.01,100000000,13212
6/7/2018,7605.58,100000000,13148
6/8/2018,7613.78,100000000,13134
6/9/2018,7561.17,100000000,13225
6/10/2018,7415,100000000,13486
6/11/2018,6767.5,100000000,14777
6/12/2018,6880.13,100000000,14535
6/13/2018,6581.83,100000000,15193
6/14/2018,6334.1,100000000,15788
6/15/2018,6644.72,100000000,15050
6/16/2018,6406.81,100000000,15608
6/17/2018,6478.82,100000000,15435
6/18/2018,6418.85,100000000,15579
6/19/2018,6677.53,100000000,14976
6/20/2018,6708.68,100000000,14906
6/21/2018,6714.38,100000000,14893
6/22/2018,6690.83,100000000,14946
6/23/2018,6088.58,100000000,16424
6/24/2018,6169.44,100000000,16209
6/25/2018,6159.71,100000000,16235
6/26/2018,6241.85,100000000,16021
6/27/2018,6069.87,100000000,16475
6/28/2018,6117.04,100000000,16348
6/29/2018,5879.99,100000000,17007
6/30/2018,6182.26,100000000,16175
7/1/2018,6366.5,100000000,15707
7/2/2018,6312.88,100000000,15841
7/3/2018,6595.55,100000000,15162
7/4/2018,6497.61,100000000,15390
7/5/2018,6562.72,100000000,15238
7/6/2018,6537.74,100000000,15296
7/7/2018,6603.29,100000000,15144
7/8/2018,6759.84,100000000,14793
7/9/2018,6700.64,100000000,14924
7/10/2018,6648.26,100000000,15042
7/11/2018,6303.38,100000000,15865
7/12/2018,6373.23,100000000,15691
7/13/2018,6230.59,100000000,16050
7/14/2018,6248.4,100000000,16004
7/15/2018,6246.14,100000000,16010
7/16/2018,6349.7,100000000,15749
7/17/2018,6741.69,100000000,14833
7/18/2018,7303.37,100000000,13692
7/19/2018,7334.77,100000000,13634
7/20/2018,7442.8,100000000,13436
7/21/2018,7331.87,100000000,13639
7/22/2018,7379.14,100000000,13552
7/23/2018,7395.87,100000000,13521
7/24/2018,7705,100000000,12979
7/25/2018,8422.37,100000000,11873
7/26/2018,8144.55,100000000,12278
7/27/2018,7929.08,100000000,12612
7/28/2018,8145.33,100000000,12277
7/29/2018,8192.14,100000000,12207
7/30/2018,8197.59,100000000,12199
7/31/2018,8185.92,100000000,12216
8/1/2018,7738.25,100000000,12923
8/2/2018,7612.3,100000000,13137
8/3/2018,7540.63,100000000,13261
8/4/2018,7411.67,100000000,13492
8/5/2018,7009.01,100000000,14267
8/6/2018,7036.61,100000000,14211
8/7/2018,6926.12,100000000,14438
8/8/2018,6711.73,100000000,14899
8/9/2018,6259.53,100000000,15976
8/10/2018,6531.25,100000000,15311
8/11/2018,6166.59,100000000,16216
8/12/2018,6205.22,100000000,16115
8/13/2018,6318.41,100000000,15827
8/14/2018,6284,100000000,15913
8/15/2018,6212.23,100000000,16097
8/16/2018,6267.77,100000000,15955
8/17/2018,6309.39,100000000,15849
8/18/2018,6566.72,100000000,15228
8/19/2018,6382.06,100000000,15669
8/20/2018,6475.49,100000000,15443
8/21/2018,6242.88,100000000,16018
8/22/2018,6467.27,100000000,15462
8/23/2018,6336.66,100000000,15781
8/24/2018,6521.07,100000000,15335
8/25/2018,6684.38,100000000,14960
8/26/2018,6736.04,100000000,14846
8/27/2018,6728.29,100000000,14863
8/28/2018,6911.1,100000000,14469
8/29/2018,7075.98,100000000,14132
8/30/2018,7046.75,100000000,14191
8/31/2018,7024.15,100000000,14237
9/1/2018,7027.63,100000000,14230
9/2/2018,7211.27,100000000,13867
9/3/2018,7305.27,100000000,13689
9/4/2018,7260.9,100000000,13772
9/5/2018,7359.46,100000000,13588
9/6/2018,6764.93,100000000,14782
9/7/2018,6498.28,100000000,15389
9/8/2018,6397.82,100000000,15630
9/9/2018,6181.19,100000000,16178
9/10/2018,6260.76,100000000,15972
9/11/2018,6308.14,100000000,15853
9/12/2018,6278.92,100000000,15926
9/13/2018,6330.57,100000000,15796
9/14/2018,6486.46,100000000,15417
9/15/2018,6500.01,100000000,15385
9/16/2018,6530.22,100000000,15313
9/17/2018,6506.25,100000000,15370
9/18/2018,6250.12,100000000,16000
9/19/2018,6347.07,100000000,15755
9/20/2018,6383.75,100000000,15665
9/21/2018,6491.89,100000000,15404
9/22/2018,6753.83,100000000,14806
9/23/2018,6747.03,100000000,14821
9/24/2018,6711.03,100000000,14901
9/25/2018,6596.19,100000000,15160
9/26/2018,6441.31,100000000,15525
9/27/2018,6462.8,100000000,15473
9/28/2018,6704.7,100000000,14915
9/29/2018,6634.77,100000000,15072
9/30/2018,6606.07,100000000,15138
10/1/2018,6626.04,100000000,15092
10/2/2018,6598.84,100000000,15154
10/3/2018,6524.61,100000000,15327
10/4/2018,6499.26,100000000,15386
10/5/2018,6578.7,100000000,15201
10/6/2018,6621.19,100000000,15103
10/7/2018,6589.12,100000000,15177
10/8/2018,6584.83,100000000,15186
10/9/2018,6653.09,100000000,15031
10/10/2018,6633.75,100000000,15074
10/11/2018,6582.46,100000000,15192
10/12/2018,6234.37,100000000,16040
10/13/2018,6285.59,100000000,15909
10/14/2018,6314.88,100000000,15836
10/15/2018,6328.55,100000000,15801
10/16/2018,6659.88,100000000,15015
10/17/2018,6635.13,100000000,15071
10/18/2018,6635.74,100000000,15070
10/19/2018,6517.51,100000000,15343
10/20/2018,6483.83,100000000,15423
10/21/2018,6532.68,100000000,15308
10/22/2018,6529.67,100000000,15315
10/23/2018,6512.59,100000000,15355
10/24/2018,6472.8,100000000,15449
10/25/2018,6481.44,100000000,15429
10/26/2018,6458.19,100000000,15484
10/27/2018,6468.83,100000000,15459
10/28/2018,6457.06,100000000,15487
10/29/2018,6481.32,100000000,15429
10/30/2018,6292.65,100000000,15892
10/31/2018,6331.78,100000000,15793
11/1/2018,6366.72,100000000,15707
11/2/2018,6379.97,100000000,15674
11/3/2018,6425.44,100000000,15563
11/4/2018,6388.19,100000000,15654
11/5/2018,6351.06,100000000,15745
11/6/2018,6415.44,100000000,15587
11/7/2018,6474.85,100000000,15444
11/8/2018,6574.8,100000000,15210
11/9/2018,6490.45,100000000,15407
11/10/2018,6413.78,100000000,15591
11/11/2018,6429.9,100000000,15552
11/12/2018,6434.28,100000000,15542
11/13/2018,6411.35,100000000,15597
11/14/2018,6394.29,100000000,15639
11/15/2018,5788.61,100000000,17275
11/16/2018,5686.54,100000000,17585
11/17/2018,5609.96,100000000,17825
11/18/2018,5599.19,100000000,17860
11/19/2018,5638.86,100000000,17734
11/20/2018,4889.2,100000000,20453
11/21/2018,4450.71,100000000,22468
11/22/2018,4613.45,100000000,21676
11/23/2018,4307.39,100000000,23216
11/24/2018,4376.9,100000000,22847
11/25/2018,3895.84,100000000,25668
11/26/2018,4039.84,100000000,24753
11/27/2018,3811.92,100000000,26233
11/28/2018,3832.92,100000000,26090
11/29/2018,4267.24,100000000,23434
11/30/2018,4279.48,100000000,23367
12/1/2018,4009.69,100000000,24940
12/2/2018,4189.57,100000000,23869
12/3/2018,4124.59,100000000,24245
12/4/2018,3878.84,100000000,25781
12/5/2018,3943.69,100000000,25357
12/6/2018,3751.69,100000000,26655
12/7/2018,3466.76,100000000,28845
12/8/2018,3408.52,100000000,29338
12/9/2018,3424.71,100000000,29200
12/10/2018,3550.55,100000000,28165
12/11/2018,3433.81,100000000,29122
12/12/2018,3378.81,100000000,29596
12/13/2018,3438.1,100000000,29086
12/14/2018,3294.64,100000000,30352
12/15/2018,3216.63,100000000,31088
12/16/2018,3221.98,100000000,31037
12/17/2018,3217.05,100000000,31084
12/18/2018,3506.22,100000000,28521
12/19/2018,3655.78,100000000,27354
12/20/2018,3687.75,100000000,27117
12/21/2018,4065.1,100000000,24600
12/22/2018,3846.23,100000000,26000
12/23/2018,3960.57,100000000,25249
12/24/2018,3941.62,100000000,25370
12/25/2018,4021.99,100000000,24863
12/26/2018,3759.18,100000000,26602
12/27/2018,3781.61,100000000,26444
12/28/2018,3587.7,100000000,27873
12/29/2018,3854.42,100000000,25944
12/30/2018,3778.19,100000000,26468
12/31/2018,3809.73,100000000,26249
1/1/2019,3692.53,100000000,27082
1/2/2019,3794.26,100000000,26356
1/3/2019,3872.17,100000000,25825
1/4/2019,3776.53,100000000,26479
1/5/2019,3815.27,100000000,26210
1/6/2019,3787.31,100000000,26404
1/7/2019,4013.52,100000000,24916
1/8/2019,3989.67,100000000,25065
1/9/2019,3973.59,100000000,25166
1/10/2019,3982.23,100000000,25112
1/11/2019,3623.85,100000000,27595
1/12/2019,3632.85,100000000,27527
1/13/2019,3598.44,100000000,27790
1/14/2019,3495.83,100000000,28605
1/15/2019,3648.05,100000000,27412
1/16/2019,3567.8,100000000,28028
1/17/2019,3597.65,100000000,27796
1/18/2019,3620.98,100000000,27617
1/19/2019,3597.79,100000000,27795
1/20/2019,3674.59,100000000,27214
1/21/2019,3539.17,100000000,28255
1/22/2019,3531,100000000,28321
1/23/2019,3571.27,100000000,28001
1/24/2019,3555.7,100000000,28124
1/25/2019,3565.64,100000000,28045
1/26/2019,3564.82,100000000,28052
1/27/2019,3563.61,100000000,28061
1/28/2019,3553.12,100000000,28144
1/29/2019,3432.22,100000000,29136
1/30/2019,3413.38,100000000,29297
1/31/2019,3457.88,100000000,28919
2/1/2019,3431.94,100000000,29138
2/2/2019,3464.49,100000000,28864
2/3/2019,3486.58,100000000,28681
2/4/2019,3454.03,100000000,28952
2/5/2019,3464,100000000,28868
2/6/2019,3469.89,100000000,28819
2/7/2019,3405.84,100000000,29361
2/8/2019,3394.01,100000000,29464
2/9/2019,3664.28,100000000,27290
2/10/2019,3667.41,100000000,27267
2/11/2019,3675.69,100000000,27206
2/12/2019,3631.44,100000000,27537
2/13/2019,3633.97,100000000,27518
2/14/2019,3610.06,100000000,27700
2/15/2019,3589.66,100000000,27858
2/16/2019,3601.23,100000000,27768
2/17/2019,3622.59,100000000,27605
2/18/2019,3665.08,100000000,27285
2/19/2019,3886.52,100000000,25730
2/20/2019,3915.01,100000000,25543
2/21/2019,3976.81,100000000,25146
2/22/2019,3934.81,100000000,25414
2/23/2019,3973.64,100000000,25166
2/24/2019,4115.34,100000000,24299
2/25/2019,3742.87,100000000,26717
2/26/2019,3824.68,100000000,26146
2/27/2019,3809.21,100000000,26252
2/28/2019,3813.38,100000000,26223
3/1/2019,3815.61,100000000,26208
3/2/2019,3815.75,100000000,26207
3/3/2019,3819.65,100000000,26180
3/4/2019,3806.95,100000000,26268
3/5/2019,3712.81,100000000,26934
3/6/2019,3852.46,100000000,25957
3/7/2019,3860.51,100000000,25903
3/8/2019,3871.64,100000000,25829
3/9/2019,3861.88,100000000,25894
3/10/2019,3941.6,100000000,25370
3/11/2019,3923.56,100000000,25487
3/12/2019,3860.36,100000000,25904
3/13/2019,3876.48,100000000,25797
3/14/2019,3865.82,100000000,25868
3/15/2019,3876.7,100000000,25795
3/16/2019,3925.46,100000000,25475
3/17/2019,4007.71,100000000,24952
3/18/2019,3980.99,100000000,25119
3/19/2019,3986.71,100000000,25083
3/20/2019,4013.58,100000000,24915
3/21/2019,4045.57,100000000,24718
3/22/2019,3983.32,100000000,25105
3/23/2019,3989.16,100000000,25068
3/24/2019,4008.95,100000000,24944
3/25/2019,3993.39,100000000,25041
3/26/2019,3927.58,100000000,25461
3/27/2019,3938.66,100000000,25389
3/28/2019,4036.16,100000000,24776
3/29/2019,4028.39,100000000,24824
3/30/2019,4103.32,100000000,24370
3/31/2019,4103.86,100000000,24367
4/1/2019,4103.52,100000000,24369
4/2/2019,4146.32,100000000,24118
4/3/2019,4862.23,100000000,20567
4/4/2019,4955.83,100000000,20178
4/5/2019,4899.02,100000000,20412
4/6/2019,5014.96,100000000,19940
4/7/2019,5041.87,100000000,19834
4/8/2019,5176.98,100000000,19316
4/9/2019,5266.89,100000000,18987
4/10/2019,5172.18,100000000,19334
4/11/2019,5308.91,100000000,18836
4/12/2019,5047.79,100000000,19811
4/13/2019,5082.47,100000000,19675
4/14/2019,5072.99,100000000,19712
4/15/2019,5149.31,100000000,19420
4/16/2019,5039.88,100000000,19842
4/17/2019,5213.6,100000000,19181
4/18/2019,5218.96,100000000,19161
4/19/2019,5274.77,100000000,18958
4/20/2019,5280.35,100000000,18938
4/21/2019,5307.69,100000000,18841
4/22/2019,5311.16,100000000,18828
4/23/2019,5380.94,100000000,18584
4/24/2019,5557.93,100000000,17992
4/25/2019,5452.1,100000000,18342
4/26/2019,5203.09,100000000,19219
4/27/2019,5295.85,100000000,18883
4/28/2019,5256.98,100000000,19022
4/29/2019,5257.8,100000000,19019
4/30/2019,5199.76,100000000,19232
5/1/2019,5292.8,100000000,18894
5/2/2019,5354.59,100000000,18676
5/3/2019,5450.71,100000000,18346
5/4/2019,5731.49,100000000,17447
5/5/2019,5803.94,100000000,17230
5/6/2019,5749.32,100000000,17393
5/7/2019,5715.76,100000000,17495
5/8/2019,5841.05,100000000,17120
5/9/2019,5957.86,100000000,16785
5/10/2019,6168.27,100000000,16212
5/11/2019,6370.23,100000000,15698
5/12/2019,7258.26,100000000,13777
5/13/2019,6953.75,100000000,14381
5/14/2019,7805.98,100000000,12811
5/15/2019,7990.06,100000000,12516
5/16/2019,8192.22,100000000,12207
5/17/2019,7875.91,100000000,12697
5/18/2019,7343.37,100000000,13618
5/19/2019,7300.66,100000000,13697
5/20/2019,8168.73,100000000,12242
5/21/2019,7976.85,100000000,12536
5/22/2019,7958.37,100000000,12565
5/23/2019,7665.8,100000000,13045
5/24/2019,7861.81,100000000,12720
5/25/2019,7977.24,100000000,12536
5/26/2019,8037.63,100000000,12441
5/27/2019,8631.08,100000000,11586
5/28/2019,8816.03,100000000,11343
5/29/2019,8726.98,100000000,11459
5/30/2019,8650.68,100000000,11560
5/31/2019,8310.89,100000000,12032
6/1/2019,8575.65,100000000,11661
6/2/2019,8554.26,100000000,11690
6/3/2019,8743.71,100000000,11437
6/4/2019,8173.63,100000000,12234
6/5/2019,7683.64,100000000,13015
6/6/2019,7812.45,100000000,12800
6/7/2019,7821.12,100000000,12786
6/8/2019,8036.11,100000000,12444
6/9/2019,7942.54,100000000,12590
6/10/2019,7668.03,100000000,13041
6/11/2019,8002.73,100000000,12496
6/12/2019,7897.98,100000000,12661
6/13/2019,8145.06,100000000,12277
6/14/2019,8227.63,100000000,12154
6/15/2019,8671.51,100000000,11532
6/16/2019,8818.61,100000000,11340
6/17/2019,8978.77,100000000,11137
6/18/2019,9312.87,100000000,10738
6/19/2019,9094.02,100000000,10996
6/20/2019,9285.93,100000000,10769
6/21/2019,9548.31,100000000,10473
6/22/2019,10118.36,100000000,9883
6/23/2019,10704.92,100000000,9341
6/24/2019,10846.13,100000000,9220
6/25/2019,11045.55,100000000,9053
6/26/2019,11808.42,100000000,8469
6/27/2019,12996.12,100000000,7695
6/28/2019,11178.68,100000000,8946
6/29/2019,12352.2,100000000,8096
6/30/2019,11972.56,100000000,8352
7/1/2019,10888.1,100000000,9184
7/2/2019,10639.05,100000000,9399
7/3/2019,10822.76,100000000,9240
7/4/2019,11975.64,100000000,8350
7/5/2019,11229.61,100000000,8905
7/6/2019,10987.25,100000000,9101
7/7/2019,11279.48,100000000,8866
7/8/2019,11436.43,100000000,8744
7/9/2019,12260.28,100000000,8156
7/10/2019,12544.17,100000000,7972
7/11/2019,12166.4,100000000,8219
7/12/2019,11385.06,100000000,8783
7/13/2019,11804.56,100000000,8471
7/14/2019,11418.51,100000000,8758
7/15/2019,10285.46,100000000,9722
7/16/2019,10911.35,100000000,9165
7/17/2019,9538.83,100000000,10483
7/18/2019,9657.3,100000000,10355
7/19/2019,10636.16,100000000,9402
7/20/2019,10536.57,100000000,9491
7/21/2019,10774.28,100000000,9281
7/22/2019,10607.46,100000000,9427
7/23/2019,10343.32,100000000,9668
7/24/2019,9936.38,100000000,10064
7/25/2019,9799.31,100000000,10205
7/26/2019,9878.23,100000000,10123
7/27/2019,9846,100000000,10156
7/28/2019,9447.68,100000000,10585
7/29/2019,9534.76,100000000,10488
7/30/2019,9510.59,100000000,10515
7/31/2019,9568.44,100000000,10451
8/1/2019,10063,100000000,9937
8/2/2019,10361.31,100000000,9651
8/3/2019,10529.17,100000000,9497
8/4/2019,10791.2,100000000,9267
8/5/2019,10951.59,100000000,9131
8/6/2019,11818.53,100000000,8461
8/7/2019,11510.16,100000000,8688
8/8/2019,11970.66,100000000,8354
8/9/2019,12024.33,100000000,8316
8/10/2019,11852.56,100000000,8437
8/11/2019,11327.84,100000000,8828
8/12/2019,11550,100000000,8658
8/13/2019,11381.24,100000000,8786
8/14/2019,10903.65,100000000,9171
8/15/2019,10016.22,100000000,9984
8/16/2019,10295.88,100000000,9713
8/17/2019,10324.99,100000000,9685
8/18/2019,10224.22,100000000,9781
8/19/2019,10309.87,100000000,9699
8/20/2019,10895.97,100000000,9178
8/21/2019,10743.79,100000000,9308
8/22/2019,10124.06,100000000,9877
8/23/2019,10127.79,100000000,9874
8/24/2019,10385.51,100000000,9629
8/25/2019,10145.01,100000000,9857
8/26/2019,10090.06,100000000,9911
8/27/2019,10334.91,100000000,9676
8/28/2019,10167.89,100000000,9835
8/29/2019,9753.49,100000000,10253
8/30/2019,9485.14,100000000,10543
8/31/2019,9588.99,100000000,10429
9/1/2019,9607.29,100000000,10409
9/2/2019,9729.27,100000000,10278
9/3/2019,10323.02,100000000,9687
9/4/2019,10620.17,100000000,9416
9/5/2019,10573.52,100000000,9458
9/6/2019,10570.25,100000000,9461
9/7/2019,10350.75,100000000,9661
9/8/2019,10461.55,100000000,9559
9/9/2019,10404.33,100000000,9611
9/10/2019,10321.93,100000000,9688
9/11/2019,10121.1,100000000,9880
9/12/2019,10150.71,100000000,9852
9/13/2019,10401.32,100000000,9614
9/14/2019,10355.63,100000000,9657
9/15/2019,10349.55,100000000,9662
9/16/2019,10305.68,100000000,9703
9/17/2019,10268.42,100000000,9739
9/18/2019,10203.07,100000000,9801
9/19/2019,10158.85,100000000,9844
9/20/2019,10253.23,100000000,9753
9/21/2019,10178.44,100000000,9825
9/22/2019,9997.2,100000000,10003
9/23/2019,10041.3,100000000,9959
9/24/2019,9699.5,100000000,10310
9/25/2019,8702.71,100000000,11491
9/26/2019,8446.24,100000000,11840
9/27/2019,8098.81,100000000,12347
9/28/2019,8183.48,100000000,12220
9/29/2019,8225.11,100000000,12158
9/30/2019,8064.38,100000000,12400
10/1/2019,8271.29,100000000,12090
10/2/2019,8366.5,100000000,11952
10/3/2019,8350.13,100000000,11976
10/4/2019,8176.35,100000000,12230
10/5/2019,8156.52,100000000,12260
10/6/2019,8140.24,100000000,12285
10/7/2019,7890.23,100000000,12674
10/8/2019,8182.25,100000000,12222
10/9/2019,8180.69,100000000,12224
10/10/2019,8573.06,100000000,11664
10/11/2019,8561.52,100000000,11680
10/12/2019,8277.85,100000000,12080
10/13/2019,8308.47,100000000,12036
10/14/2019,8289.5,100000000,12063
10/15/2019,8347.35,100000000,11980
10/16/2019,8175.86,100000000,12231
10/17/2019,8010.3,100000000,12484
10/18/2019,8079.93,100000000,12376
10/19/2019,7957.31,100000000,12567
10/20/2019,7949.8,100000000,12579
10/21/2019,8208.36,100000000,12183
10/22/2019,8220.92,100000000,12164
10/23/2019,8045.29,100000000,12430
10/24/2019,7468.53,100000000,13390
10/25/2019,7433.92,100000000,13452
10/26/2019,8652.03,100000000,11558
10/27/2019,9217.24,100000000,10849
10/28/2019,9502.02,100000000,10524
10/29/2019,9239.9,100000000,10823
10/30/2019,9407.16,100000000,10630
10/31/2019,9171.87,100000000,10903
11/1/2019,9151.82,100000000,10927
11/2/2019,9233.41,100000000,10830
11/3/2019,9302.83,100000000,10749
11/4/2019,9204.29,100000000,10865
11/5/2019,9378.95,100000000,10662
11/6/2019,9300.37,100000000,10752
11/7/2019,9340.05,100000000,10707
11/8/2019,9221.07,100000000,10845
11/9/2019,8795.9,100000000,11369
11/10/2019,8809.78,100000000,11351
11/11/2019,9043.67,100000000,11057
11/12/2019,8729.92,100000000,11455
11/13/2019,8806.75,100000000,11355
11/14/2019,8770.78,100000000,11401
11/15/2019,8652.03,100000000,11558
11/16/2019,8480.44,100000000,11792
11/17/2019,8496.38,100000000,11770
11/18/2019,8508.5,100000000,11753
11/19/2019,8202.83,100000000,12191
11/20/2019,8138.83,100000000,12287
11/21/2019,8095.87,100000000,12352
11/22/2019,7632.49,100000000,13102
11/23/2019,7293.01,100000000,13712
11/24/2019,7309.69,100000000,13680
11/25/2019,6935.74,100000000,14418
11/26/2019,7118.26,100000000,14048
11/27/2019,7157.68,100000000,13971
11/28/2019,7483.75,100000000,13362
11/29/2019,7438.62,100000000,13443
11/30/2019,7720.87,100000000,12952
12/1/2019,7556.4,100000000,13234
12/2/2019,7405.81,100000000,13503
12/3/2019,7308.98,100000000,13682
12/4/2019,7286.08,100000000,13725
12/5/2019,7209.97,100000000,13870
12/6/2019,7373.78,100000000,13562
12/7/2019,7530.92,100000000,13279
12/8/2019,7493.55,100000000,13345
12/9/2019,7508.32,100000000,13319
12/10/2019,7347.04,100000000,13611
12/11/2019,7233.95,100000000,13824
12/12/2019,7197.43,100000000,13894
12/13/2019,7200.71,100000000,13888
12/14/2019,7247.35,100000000,13798
12/15/2019,7081.74,100000000,14121
12/16/2019,7108.56,100000000,14068
12/17/2019,6901.04,100000000,14491
12/18/2019,6627.16,100000000,15089
12/19/2019,7274.77,100000000,13746
12/20/2019,7152.56,100000000,13981
12/21/2019,7185.44,100000000,13917
12/22/2019,7141.55,100000000,14003
12/23/2019,7488.2,100000000,13354
12/24/2019,7335.21,100000000,13633
12/25/2019,7266.61,100000000,13762
12/26/2019,7204.18,100000000,13881
12/27/2019,7208.49,100000000,13873
12/28/2019,7247.62,100000000,13798
12/29/2019,7307.89,100000000,13684
12/30/2019,7394.03,100000000,13524
12/31/2019,7240.43,100000000,13811
1/1/2020,7195.15,100000000,13898
1/2/2020,7193.75,100000000,13901
1/3/2020,6963.85,100000000,14360
1/4/2020,7300.35,100000000,13698
1/5/2020,7351.38,100000000,13603
1/6/2020,7349.97,100000000,13605
1/7/2020,7734.68,100000000,12929
1/8/2020,8147.42,100000000,12274
1/9/2020,8045.79,100000000,12429
1/10/2020,7832.8,100000000,12767
1/11/2020,8180.51,100000000,12224
1/12/2020,8012.09,100000000,12481
1/13/2020,8171.4,100000000,12238
1/14/2020,8110.65,100000000,12329
1/15/2020,8801.87,100000000,11361
1/16/2020,8820.85,100000000,11337
1/17/2020,8720.92,100000000,11467
1/18/2020,8902.57,100000000,11233
1/19/2020,8906.9,100000000,11227
1/20/2020,8690.38,100000000,11507
1/21/2020,8631.25,100000000,11586
1/22/2020,8724.82,100000000,11462
1/23/2020,8665.44,100000000,11540
1/24/2020,8415.96,100000000,11882
1/25/2020,8432.1,100000000,11859
1/26/2020,8348.67,100000000,11978
1/27/2020,8595.73,100000000,11634
1/28/2020,8879.34,100000000,11262
1/29/2020,9320.81,100000000,10729
1/30/2020,9276.89,100000000,10779
1/31/2020,9509.81,100000000,10515
2/1/2020,9308.06,100000000,10743
2/2/2020,9363.22,100000000,10680
2/3/2020,9338.42,100000000,10708
2/4/2020,9308.91,100000000,10742
2/5/2020,9179.96,100000000,10893
2/6/2020,9592.18,100000000,10425
2/7/2020,9744.64,100000000,10262
2/8/2020,9799.45,100000000,10205
2/9/2020,9890.7,100000000,10111
2/10/2020,10148.38,100000000,9854
2/11/2020,9890.12,100000000,10111
2/12/2020,10226.93,100000000,9778
2/13/2020,10328.9,100000000,9682
2/14/2020,10221.26,100000000,9784
2/15/2020,10320.16,100000000,9690
2/16/2020,9894.14,100000000,10107
2/17/2020,9943.67,100000000,10057
2/18/2020,9723.61,100000000,10284
2/19/2020,10133.82,100000000,9868
2/20/2020,9618.41,100000000,10397
2/21/2020,9608.17,100000000,10408
2/22/2020,9673.01,100000000,10338
2/23/2020,9658.61,100000000,10353
2/24/2020,9946.72,100000000,10054
2/25/2020,9670.96,100000000,10340
2/26/2020,9345.34,100000000,10701
2/27/2020,8801.66,100000000,11361
2/28/2020,8781.18,100000000,11388
2/29/2020,8717.33,100000000,11471
3/1/2020,8552.99,100000000,11692
3/2/2020,8567.8,100000000,11672
3/3/2020,8905.88,100000000,11229
3/4/2020,8756.72,100000000,11420
3/5/2020,8758.65,100000000,11417
3/6/2020,9038.87,100000000,11063
3/7/2020,9135.85,100000000,10946
3/8/2020,8902.2,100000000,11233
3/9/2020,8041.37,100000000,12436
3/10/2020,7921.33,100000000,12624
3/11/2020,7906.73,100000000,12647
3/12/2020,7935.52,100000000,12602
3/13/2020,5142.99,100000000,19444
3/14/2020,5542.82,100000000,18041
3/15/2020,5214.19,100000000,19178
3/16/2020,5397.93,100000000,18526
3/17/2020,5032.5,100000000,19871
3/18/2020,5389.42,100000000,18555
3/19/2020,5376.28,100000000,18600
3/20/2020,6170.2,100000000,16207
3/21/2020,6195.6,100000000,16140
3/22/2020,6145.77,100000000,16271
3/23/2020,5859.65,100000000,17066
3/24/2020,6456.35,100000000,15489
3/25/2020,6730.17,100000000,14858
3/26/2020,6695.9,100000000,14935
3/27/2020,6765.56,100000000,14781
3/28/2020,6397.83,100000000,15630
3/29/2020,6255,100000000,15987
3/30/2020,5915.34,100000000,16905
3/31/2020,6403.14,100000000,15617
4/1/2020,6421.71,100000000,15572
4/2/2020,6640.8,100000000,15058
4/3/2020,6807.9,100000000,14689
4/4/2020,6732.85,100000000,14853
4/5/2020,6859.42,100000000,14578
4/6/2020,6788.05,100000000,14732
4/7/2020,7297.64,100000000,13703
4/8/2020,7196.78,100000000,13895
4/9/2020,7342.29,100000000,13620
4/10/2020,7294.49,100000000,13709
4/11/2020,6864.69,100000000,14567
4/12/2020,6878.78,100000000,14537
4/13/2020,6913.16,100000000,14465
4/14/2020,6857.54,100000000,14582
4/15/2020,6860.18,100000000,14577
4/16/2020,6629.43,100000000,15084
4/17/2020,7059.93,100000000,14164
4/18/2020,7035.26,100000000,14214
4/19/2020,7242.51,100000000,13807
4/20/2020,7127.51,100000000,14030
4/21/2020,6856.46,100000000,14585
4/22/2020,6842.04,100000000,14616
4/23/2020,7110,100000000,14065
4/24/2020,7382.79,100000000,13545
4/25/2020,7495.39,100000000,13342
4/26/2020,7538.56,100000000,13265
4/27/2020,7683.87,100000000,13014
4/28/2020,7774.28,100000000,12863
4/29/2020,7758.23,100000000,12890
4/30/2020,8744.43,100000000,11436
5/1/2020,8610.64,100000000,11614
5/2/2020,8824.82,100000000,11332
5/3/2020,8966.31,100000000,11153
5/4/2020,8888.67,100000000,11250
5/5/2020,8884.41,100000000,11256
5/6/2020,9003.24,100000000,11107
5/7/2020,9144.69,100000000,10935
5/8/2020,9959.17,100000000,10041
5/9/2020,9821.81,100000000,10181
5/10/2020,9566.78,100000000,10453
5/11/2020,8752.62,100000000,11425
5/12/2020,8604.75,100000000,11621
5/13/2020,8788.47,100000000,11379
5/14/2020,9283.09,100000000,10772
5/15/2020,9796.49,100000000,10208
5/16/2020,9309.3,100000000,10742
5/17/2020,9375.3,100000000,10666
5/18/2020,9666.33,100000000,10345
5/19/2020,9708.44,100000000,10300
5/20/2020,9760.2,100000000,10246
5/21/2020,9526.51,100000000,10497
5/22/2020,9059.96,100000000,11038
5/23/2020,9131.77,100000000,10951
5/24/2020,9170.36,100000000,10905
5/25/2020,8731.85,100000000,11452
5/26/2020,8883.69,100000000,11257
5/27/2020,8839.13,100000000,11313
5/28/2020,9174.12,100000000,10900
5/29/2020,9546.05,100000000,10476
5/30/2020,9427.12,100000000,10608
5/31/2020,9662.71,100000000,10349
6/1/2020,9466.96,100000000,10563
6/2/2020,10167.93,100000000,9835
6/3/2020,9515.24,100000000,10509
6/4/2020,9645.23,100000000,10368
6/5/2020,9776.2,100000000,10229
6/6/2020,9636.97,100000000,10377
6/7/2020,9662.86,100000000,10349
6/8/2020,9738.6,100000000,10268
6/9/2020,9773.03,100000000,10232
6/10/2020,9767.01,100000000,10239
6/11/2020,9874.9,100000000,10127
6/12/2020,9326,100000000,10723
6/13/2020,9469.53,100000000,10560
6/14/2020,9469.47,100000000,10560
6/15/2020,9345.96,100000000,10700
6/16/2020,9431.72,100000000,10603
6/17/2020,9524.93,100000000,10499
6/18/2020,9463.36,100000000,10567
6/19/2020,9399.77,100000000,10639
6/20/2020,9312.78,100000000,10738
6/21/2020,9360.25,100000000,10683
6/22/2020,9298.36,100000000,10755
6/23/2020,9678.68,100000000,10332
6/24/2020,9624.68,100000000,10390
6/25/2020,9288.06,100000000,10767
6/26/2020,9258.67,100000000,10801
6/27/2020,9166.49,100000000,10909
6/28/2020,9013.91,100000000,11094
6/29/2020,9139.9,100000000,10941
6/30/2020,9185.17,100000000,10887
7/1/2020,9149.72,100000000,10929
7/2/2020,9230.67,100000000,10833
7/3/2020,9094.32,100000000,10996
7/4/2020,9071.39,100000000,11024
7/5/2020,9132.91,100000000,10949
7/6/2020,9087.41,100000000,11004
7/7/2020,9342.38,100000000,10704
7/8/2020,9253.63,100000000,10807
7/9/2020,9432.17,100000000,10602
7/10/2020,9235.72,100000000,10828
7/11/2020,9282.91,100000000,10772
7/12/2020,9234.31,100000000,10829
7/13/2020,9297.48,100000000,10756
7/14/2020,9240.76,100000000,10822
7/15/2020,9247.06,100000000,10814
7/16/2020,9203.37,100000000,10866
7/17/2020,9136.48,100000000,10945
7/18/2020,9156.28,100000000,10921
7/19/2020,9168.4,100000000,10907
7/20/2020,9202.62,100000000,10866
7/21/2020,9163.16,100000000,10913
7/22/2020,9384.38,100000000,10656
7/23/2020,9514.3,100000000,10510
7/24/2020,9589.82,100000000,10428
7/25/2020,9535.94,100000000,10487
7/26/2020,9691.83,100000000,10318
7/27/2020,9925.75,100000000,10075
7/28/2020,10962.26,100000000,9122
7/29/2020,10904.92,100000000,9170
7/30/2020,11093.61,100000000,9014
7/31/2020,11116.31,100000000,8996
8/1/2020,11325.55,100000000,8830
8/2/2020,11812.09,100000000,8466
8/3/2020,11066.31,100000000,9036
8/4/2020,11230.91,100000000,8904
8/5/2020,11181.92,100000000,8943
8/6/2020,11719.26,100000000,8533
8/7/2020,11768.13,100000000,8498
8/8/2020,11571.49,100000000,8642
8/9/2020,11739.13,100000000,8519
8/10/2020,11682.85,100000000,8560
8/11/2020,11862.94,100000000,8430
8/12/2020,11398.67,100000000,8773
8/13/2020,11579.87,100000000,8636
8/14/2020,11817.16,100000000,8462
8/15/2020,11777.39,100000000,8491
8/16/2020,11864.91,100000000,8428
8/17/2020,11901.78,100000000,8402
8/18/2020,12272.47,100000000,8148
8/19/2020,11949.61,100000000,8368
8/20/2020,11733.28,100000000,8523
8/21/2020,11861.84,100000000,8430
8/22/2020,11515.12,100000000,8684
8/23/2020,11676.39,100000000,8564
8/24/2020,11647.93,100000000,8585
8/25/2020,11758.83,100000000,8504
8/26/2020,11350.75,100000000,8810
8/27/2020,11465,100000000,8722
8/28/2020,11300.4,100000000,8849
8/29/2020,11519.12,100000000,8681
8/30/2020,11481.48,100000000,8710
8/31/2020,11701,100000000,8546
9/1/2020,11672.32,100000000,8567
9/2/2020,11895.23,100000000,8407
9/3/2020,11418.25,100000000,8758
9/4/2020,10197.46,100000000,9806
9/5/2020,10484.47,100000000,9538
9/6/2020,10177.79,100000000,9825
9/7/2020,10260.02,100000000,9747
9/8/2020,10359.45,100000000,9653
9/9/2020,10125.01,100000000,9877
9/10/2020,10230.15,100000000,9775
9/11/2020,10342.16,100000000,9669
9/12/2020,10378.22,100000000,9636
9/13/2020,10439.38,100000000,9579
9/14/2020,10328.87,100000000,9682
9/15/2020,10661.1,100000000,9380
9/16/2020,10787.58,100000000,9270
9/17/2020,10952.25,100000000,9131
9/18/2020,10938,100000000,9142
9/19/2020,10927.15,100000000,9152
9/20/2020,11084,100000000,9022
9/21/2020,10923.33,100000000,9155
9/22/2020,10439.52,100000000,9579
9/23/2020,10527.59,100000000,9499
9/24/2020,10223.78,100000000,9781
9/25/2020,10726.53,100000000,9323
9/26/2020,10681.99,100000000,9362
9/27/2020,10743.19,100000000,9308
9/28/2020,10765.3,100000000,9289
9/29/2020,10672.03,100000000,9370
9/30/2020,10837.52,100000000,9227
10/1/2020,10770.88,100000000,9284
10/2/2020,10627.98,100000000,9409
10/3/2020,10572.67,100000000,9458
10/4/2020,10546.66,100000000,9482
10/5/2020,10670.7,100000000,9371
10/6/2020,10784.95,100000000,9272
10/7/2020,10605.96,100000000,9429
10/8/2020,10668.01,100000000,9374
10/9/2020,10888.67,100000000,9184
10/10/2020,11063.25,100000000,9039
10/11/2020,11286.54,100000000,8860
10/12/2020,11377.81,100000000,8789
10/13/2020,11543.18,100000000,8663
10/14/2020,11426.11,100000000,8752
10/15/2020,11435.57,100000000,8745
10/16/2020,11495.58,100000000,8699
10/17/2020,11319.1,100000000,8835
10/18/2020,11365.81,100000000,8798
10/19/2020,11495.9,100000000,8699
10/20/2020,11752.15,100000000,8509
10/21/2020,11908.71,100000000,8397
10/22/2020,12806.44,100000000,7809
10/23/2020,12951.04,100000000,7721
10/24/2020,12928.07,100000000,7735
10/25/2020,13106.05,100000000,7630
10/26/2020,13021.41,100000000,7680
10/27/2020,13060.79,100000000,7657
10/28/2020,13655.19,100000000,7323
10/29/2020,13283,100000000,7528
10/30/2020,13441.88,100000000,7439
10/31/2020,13537.17,100000000,7387
11/1/2020,13778.64,100000000,7258
11/2/2020,13720.36,100000000,7288
11/3/2020,13558.36,100000000,7376
11/4/2020,13989.98,100000000,7148
11/5/2020,14101.72,100000000,7091
11/6/2020,15553.33,100000000,6429
11/7/2020,15548.31,100000000,6432
11/8/2020,14818.46,100000000,6748
11/9/2020,15496.32,100000000,6453
11/10/2020,15335.34,100000000,6521
11/11/2020,15278.71,100000000,6545
11/12/2020,15686.91,100000000,6375
11/13/2020,16265.15,100000000,6148
11/14/2020,16326.81,100000000,6125
11/15/2020,16095.56,100000000,6213
11/16/2020,15984.67,100000000,6256
11/17/2020,16714.4,100000000,5983
11/18/2020,17651.82,100000000,5665
11/19/2020,17829.93,100000000,5609
11/20/2020,17819.76,100000000,5612
11/21/2020,18628.81,100000000,5368
11/22/2020,18689.53,100000000,5351
11/23/2020,18390.61,100000000,5438
11/24/2020,18360.69,100000000,5446
11/25/2020,19091.52,100000000,5238
11/26/2020,18753.29,100000000,5332
11/27/2020,17138.03,100000000,5835
11/28/2020,17140.28,100000000,5834
11/29/2020,17718.97,100000000,5644
11/30/2020,18169.95,100000000,5504
12/1/2020,19609.52,100000000,5100
12/2/2020,18857.42,100000000,5303
12/3/2020,19208.4,100000000,5206
12/4/2020,19435.2,100000000,5145
12/5/2020,18711.23,100000000,5344
12/6/2020,19139.11,100000000,5225
12/7/2020,19325.55,100000000,5174
12/8/2020,19198.81,100000000,5209
12/9/2020,18336.51,100000000,5454
12/10/2020,18564.99,100000000,5386
12/11/2020,18262.06,100000000,5476
12/12/2020,18058.03,100000000,5538
12/13/2020,18807.1,100000000,5317
12/14/2020,19151.13,100000000,5222
12/15/2020,19259.97,100000000,5192
12/16/2020,19432.36,100000000,5146
12/17/2020,21317.66,100000000,4691
12/18/2020,22805.66,100000000,4385
12/19/2020,23120.57,100000000,4325
12/20/2020,23863.85,100000000,4190
12/21/2020,23518.32,100000000,4252
12/22/2020,22840.99,100000000,4378
12/23/2020,23794.79,100000000,4203
12/24/2020,23308.13,100000000,4290
12/25/2020,23760.29,100000000,4209
12/26/2020,24671.11,100000000,4053
12/27/2020,26476.13,100000000,3777
12/28/2020,26423.23,100000000,3785
12/29/2020,27125.38,100000000,3687
12/30/2020,27424.54,100000000,3646
12/31/2020,28837.29,100000000,3468
1/1/2021,29022.42,100000000,3446
1/2/2021,29352.13,100000000,3407
1/3/2021,32163.82,100000000,3109
1/4/2021,33008.23,100000000,3030
1/5/2021,31515.58,100000000,3173
1/6/2021,34082.21,100000000,2934
1/7/2021,36933.52,100000000,2708
1/8/2021,39547.08,100000000,2529
1/9/2021,40815.96,100000000,2450
1/10/2021,40296.53,100000000,2482
1/11/2021,38397.9,100000000,2604
1/12/2021,35669.91,100000000,2803
1/13/2021,33938.34,100000000,2947
1/14/2021,37456.01,100000000,2670
1/15/2021,39232.75,100000000,2549
1/16/2021,36787.52,100000000,2718
1/17/2021,36254.71,100000000,2758
1/18/2021,35804.26,100000000,2793
1/19/2021,36595.46,100000000,2733
1/20/2021,36104.86,100000000,2770
1/21/2021,35587.49,100000000,2810
1/22/2021,30913.7,100000000,3235
1/23/2021,32957.91,100000000,3034
1/24/2021,32068.09,100000000,3118
1/25/2021,32273.52,100000000,3099
1/26/2021,32375.32,100000000,3089
1/27/2021,32582.11,100000000,3069
1/28/2021,30445.53,100000000,3285
1/29/2021,33128.35,100000000,3019
1/30/2021,34150.82,100000000,2928
1/31/2021,34199.52,100000000,2924
2/1/2021,33064.79,100000000,3024
2/2/2021,33405.99,100000000,2993
2/3/2021,35485.99,100000000,2818
2/4/2021,37494.72,100000000,2667
2/5/2021,36816.51,100000000,2716
2/6/2021,38007.83,100000000,2631
2/7/2021,39279.41,100000000,2546
2/8/2021,38833.34,100000000,2575
2/9/2021,46307.57,100000000,2159
2/10/2021,46569.56,100000000,2147
2/11/2021,44848.69,100000000,2230
2/12/2021,47815.96,100000000,2091
2/13/2021,47414.19,100000000,2109
2/14/2021,46941.29,100000000,2130
2/15/2021,48607.87,100000000,2057
2/16/2021,47898.49,100000000,2088
2/17/2021,49238.14,100000000,2031
2/18/2021,52143.68,100000000,1918
2/19/2021,51733.08,100000000,1933
2/20/2021,56038.73,100000000,1784
2/21/2021,56377.63,100000000,1774
2/22/2021,57669.3,100000000,1734
2/23/2021,54410.86,100000000,1838
2/24/2021,48691.89,100000000,2054
2/25/2021,49849.38,100000000,2006
2/26/2021,46992.67,100000000,2128
2/27/2021,46551.49,100000000,2148
2/28/2021,46653.53,100000000,2143
3/1/2021,44970.16,100000000,2224
3/2/2021,49787.34,100000000,2009
3/3/2021,48532.24,100000000,2060
3/4/2021,50577.46,100000000,1977
3/5/2021,48727.45,100000000,2052
3/6/2021,49091.81,100000000,2037
3/7/2021,49019.37,100000000,2040
3/8/2021,51313.09,100000000,1949
3/9/2021,52328.54,100000000,1911
3/10/2021,54700.27,100000000,1828
3/11/2021,56020.49,100000000,1785
3/12/2021,57788.87,100000000,1730
3/13/2021,57353.86,100000000,1744
3/14/2021,61315.2,100000000,1631
3/15/2021,59428.97,100000000,1683
3/16/2021,55805.33,100000000,1792
3/17/2021,56830.25,100000000,1760
3/18/2021,59014.93,100000000,1694
3/19/2021,57922.41,100000000,1726
3/20/2021,58243.27,100000000,1717
3/21/2021,58376.16,100000000,1713
3/22/2021,57573.54,100000000,1737
3/23/2021,54370.14,100000000,1839
3/24/2021,54584.87,100000000,1832
3/25/2021,52526.87,100000000,1904
3/26/2021,51416.91,100000000,1945
3/27/2021,55033.1,100000000,1817
3/28/2021,55832.42,100000000,1791
3/29/2021,55728.1,100000000,1794
3/30/2021,57634.93,100000000,1735
3/31/2021,58668.63,100000000,1704
4/1/2021,58817.37,100000000,1700
4/2/2021,58801.19,100000000,1701
4/3/2021,59060.03,100000000,1693
4/4/2021,57060.41,100000000,1753
4/5/2021,58228.8,100000000,1717
4/6/2021,58706.82,100000000,1703
4/7/2021,58062.18,100000000,1722
4/8/2021,56134.42,100000000,1781
4/9/2021,58065.64,100000000,1722
4/10/2021,58152.99,100000000,1720
4/11/2021,59979.39,100000000,1667
4/12/2021,59988.02,100000000,1667
4/13/2021,59911.02,100000000,1669
4/14/2021,63576.68,100000000,1573
4/15/2021,62807.12,100000000,1592
4/16/2021,63179.77,100000000,1583
4/17/2021,61497.3,100000000,1626
4/18/2021,60273.87,100000000,1659
4/19/2021,56288.95,100000000,1777
4/20/2021,55721.17,100000000,1795
4/21/2021,56294.73,100000000,1776
4/22/2021,54190.07,100000000,1845
4/23/2021,51965.57,100000000,1924
4/24/2021,51191.12,100000000,1953
4/25/2021,50133.11,100000000,1995
4/26/2021,48981.44,100000000,2042
4/27/2021,53978.81,100000000,1853
4/28/2021,54991.81,100000000,1818
4/29/2021,54810.61,100000000,1824
4/30/2021,53596.7,100000000,1866
5/1/2021,57828.51,100000000,1729
5/2/2021,57812.97,100000000,1730
5/3/2021,56600.75,100000000,1767
5/4/2021,57200.3,100000000,1748
5/5/2021,53464.37,100000000,1870
5/6/2021,57432.1,100000000,1741
5/7/2021,56507.76,100000000,1770
5/8/2021,57361.57,100000000,1743
5/9/2021,58771.88,100000000,1701
5/10/2021,58213.93,100000000,1718
5/11/2021,55901.67,100000000,1789
5/12/2021,56928.97,100000000,1757
5/13/2021,50004.76,100000000,2000
5/14/2021,49972.8,100000000,2001
5/15/2021,49913.26,100000000,2003
5/16/2021,46780.9,100000000,2138
5/17/2021,46585.06,100000000,2147
5/18/2021,43780.83,100000000,2284
5/19/2021,43091.04,100000000,2321
5/20/2021,37287.39,100000000,2682
5/21/2021,40437.73,100000000,2473
5/22/2021,37339.63,100000000,2678
5/23/2021,37520.32,100000000,2665
5/24/2021,34977.53,100000000,2859
5/25/2021,38642.44,100000000,2588
5/26/2021,38210.81,100000000,2617
5/27/2021,39406.93,100000000,2538
5/28/2021,38642.9,100000000,2588
5/29/2021,35710.22,100000000,2800
5/30/2021,34775.08,100000000,2876
5/31/2021,35714.75,100000000,2800
6/1/2021,37340.68,100000000,2678
6/2/2021,36680.07,100000000,2726
6/3/2021,37685.72,100000000,2654
6/4/2021,39151.32,100000000,2554
6/5/2021,36938.72,100000000,2707
6/6/2021,35546.99,100000000,2813
6/7/2021,35834.47,100000000,2791
6/8/2021,33451.38,100000000,2989
6/9/2021,33557.15,100000000,2980
6/10/2021,37553.64,100000000,2663
6/11/2021,36903.3,100000000,2710
6/12/2021,37289.43,100000000,2682
6/13/2021,35666.15,100000000,2804
6/14/2021,39147.71,100000000,2554
6/15/2021,40624.51,100000000,2462
6/16/2021,40378.2,100000000,2477
6/17/2021,38321.45,100000000,2610
6/18/2021,38193.62,100000000,2618
6/19/2021,35881.11,100000000,2787
6/20/2021,35581.64,100000000,2810
6/21/2021,35787.08,100000000,2794
6/22/2021,31711.94,100000000,3153
6/23/2021,32507.74,100000000,3076
6/24/2021,33702.62,100000000,2967
6/25/2021,34675.45,100000000,2884
6/26/2021,31943.14,100000000,3131
6/27/2021,32023.97,100000000,3123
6/28/2021,34607.29,100000000,2890
6/29/2021,34556.84,100000000,2894
6/30/2021,35968.99,100000000,2780
7/1/2021,35171.49,100000000,2843
7/2/2021,33677.57,100000000,2969
7/3/2021,33950.79,100000000,2945
7/4/2021,34729.89,100000000,2879
7/5/2021,35394.21,100000000,2825
7/6/2021,33928.13,100000000,2947
7/7/2021,34149.99,100000000,2928
7/8/2021,33932.25,100000000,2947
7/9/2021,32933.58,100000000,3036
7/10/2021,33971.3,100000000,2944
7/11/2021,33704.54,100000000,2967
7/12/2021,34299.94,100000000,2915
7/13/2021,33262.65,100000000,3006
7/14/2021,32676.38,100000000,3060
7/15/2021,32878.5,100000000,3042
7/16/2021,31726.04,100000000,3152
7/17/2021,31399.65,100000000,3185
7/18/2021,31588.67,100000000,3166
7/19/2021,31919.39,100000000,3133
7/20/2021,30928.21,100000000,3233
7/21/2021,29971.9,100000000,3336
7/22/2021,32383.78,100000000,3088
7/23/2021,32409.5,100000000,3086
7/24/2021,33455.55,100000000,2989
7/25/2021,34213.6,100000000,2923
7/26/2021,35456.12,100000000,2820
7/27/2021,37281.92,100000000,2682
7/28/2021,39076.59,100000000,2559
7/29/2021,40031.2,100000000,2498
7/30/2021,39977.76,100000000,2501
7/31/2021,41936.26,100000000,2385
8/1/2021,41754.17,100000000,2395
8/2/2021,39914.83,100000000,2505
8/3/2021,39278.77,100000000,2546
8/4/2021,38368.35,100000000,2606
8/5/2021,39751.58,100000000,2516
8/6/2021,40825.38,100000000,2449
8/7/2021,42802.14,100000000,2336
8/8/2021,44647.58,100000000,2240
8/9/2021,43753.22,100000000,2286
8/10/2021,46311,100000000,2159
8/11/2021,45639.51,100000000,2191
8/12/2021,45652.06,100000000,2190
8/13/2021,44495.21,100000000,2247
8/14/2021,47717.27,100000000,2096
8/15/2021,47088.85,100000000,2124
8/16/2021,47025,100000000,2127
8/17/2021,46031.76,100000000,2172
8/18/2021,44534.45,100000000,2245
8/19/2021,45015.47,100000000,2221
8/20/2021,46745.03,100000000,2139
8/21/2021,49195.88,100000000,2033
8/22/2021,48933.69,100000000,2044
8/23/2021,49250.54,100000000,2030
8/24/2021,49518.58,100000000,2019
8/25/2021,47940.61,100000000,2086
8/26/2021,49002.7,100000000,2041
8/27/2021,47229.07,100000000,2117
8/28/2021,49083.1,100000000,2037
8/29/2021,48936.54,100000000,2043
8/30/2021,48907.27,100000000,2045
8/31/2021,47124.25,100000000,2122
9/1/2021,47335.42,100000000,2113
9/2/2021,48823.06,100000000,2048
9/3/2021,49338.78,100000000,2027
9/4/2021,49934.53,100000000,2003
9/5/2021,50013.03,100000000,1999
9/6/2021,51696.21,100000000,1934
9/7/2021,52739.8,100000000,1896
9/8/2021,46995.16,100000000,2128
9/9/2021,46085.03,100000000,2170
9/10/2021,46518.94,100000000,2150
9/11/2021,44802.61,100000000,2232
9/12/2021,45196.49,100000000,2213
9/13/2021,46195.22,100000000,2165
9/14/2021,45139.83,100000000,2215
9/15/2021,47135.43,100000000,2122
9/16/2021,48186.53,100000000,2075
9/17/2021,47879.47,100000000,2089
9/18/2021,47228.66,100000000,2117
9/19/2021,48266.63,100000000,2072
9/20/2021,47371.04,100000000,2111
9/21/2021,42932.95,100000000,2329
9/22/2021,40386.62,100000000,2476
9/23/2021,43587.22,100000000,2294
9/24/2021,44980.9,100000000,2223
9/25/2021,42752.17,100000000,2339
9/26/2021,42856.86,100000000,2333
9/27/2021,43336.86,100000000,2308
9/28/2021,42247.36,100000000,2367
9/29/2021,41010.38,100000000,2438
9/30/2021,41587.67,100000000,2405
10/1/2021,43859.33,100000000,2280
10/2/2021,48181.88,100000000,2075
10/3/2021,47777.76,100000000,2093
10/4/2021,48282.97,100000000,2071
10/5/2021,49260.23,100000000,2030
10/6/2021,51668.99,100000000,1935
10/7/2021,55415.01,100000000,1805
10/8/2021,53894.6,100000000,1855
10/9/2021,54010.94,100000000,1851
10/10/2021,55125.46,100000000,1814
10/11/2021,54711.87,100000000,1828
10/12/2021,57572.51,100000000,1737
10/13/2021,56335.04,100000000,1775
10/14/2021,57487.99,100000000,1739
10/15/2021,57452.43,100000000,1741
10/16/2021,61809.02,100000000,1618
10/17/2021,61165.64,100000000,1635
10/18/2021,61583.77,100000000,1624
10/19/2021,62017.97,100000000,1612
10/20/2021,64517.65,100000000,1550
10/21/2021,66237.52,100000000,1510
10/22/2021,62541.09,100000000,1599
10/23/2021,61029.27,100000000,1639
10/24/2021,61572.14,100000000,1624
10/25/2021,61173.17,100000000,1635
10/26/2021,63228.21,100000000,1582
10/27/2021,60604.19,100000000,1650
10/28/2021,58641,100000000,1705
10/29/2021,60767.56,100000000,1646
10/30/2021,62283.2,100000000,1606
10/31/2021,61837.26,100000000,1617
11/1/2021,61471.87,100000000,1627
11/2/2021,61121.83,100000000,1636
11/3/2021,63247.21,100000000,1581
11/4/2021,63130.94,100000000,1584
11/5/2021,61601.74,100000000,1623
11/6/2021,61247.38,100000000,1633
11/7/2021,61661.36,100000000,1622
11/8/2021,63153.23,100000000,1583
11/9/2021,67617.02,100000000,1479
11/10/2021,67145.37,100000000,1489
11/11/2021,65061.05,100000000,1537
11/12/2021,65005.65,100000000,1538
11/13/2021,64432.05,100000000,1552
11/14/2021,64660.34,100000000,1547
11/15/2021,65648.98,100000000,1523
11/16/2021,63933.84,100000000,1564
11/17/2021,60448.56,100000000,1654
11/18/2021,60603.66,100000000,1650
11/19/2021,56987.32,100000000,1755
11/20/2021,58459.26,100000000,1711
11/21/2021,60082.91,100000000,1664
11/22/2021,59139.78,100000000,1691
11/23/2021,56386.86,100000000,1773
11/24/2021,57748.79,100000000,1732
11/25/2021,57198.18,100000000,1748
11/26/2021,58897.85,100000000,1698
11/27/2021,53827.79,100000000,1858
11/28/2021,54533.4,100000000,1834
11/29/2021,57237.66,100000000,1747
11/30/2021,57848.77,100000000,1729
12/1/2021,57011.28,100000000,1754
12/2/2021,57169.37,100000000,1749
12/3/2021,56508.27,100000000,1770
12/4/2021,53785.97,100000000,1859
12/5/2021,49161.99,100000000,2034
12/6/2021,49268.47,100000000,2030
12/7/2021,50461.58,100000000,1982
12/8/2021,50647.66,100000000,1974
12/9/2021,50530.46,100000000,1979
12/10/2021,47885.87,100000000,2088
12/11/2021,47303.56,100000000,2114
12/12/2021,49242.3,100000000,2031
12/13/2021,50051.08,100000000,1998
12/14/2021,46696.3,100000000,2141
12/15/2021,48410.56,100000000,2066
12/16/2021,48936.86,100000000,2043
12/17/2021,47694.53,100000000,2097
12/18/2021,46328.7,100000000,2158
12/19/2021,46970.06,100000000,2129
12/20/2021,46807.05,100000000,2136
12/21/2021,47117.01,100000000,2122
12/22/2021,49145.22,100000000,2035
12/23/2021,48755.9,100000000,2051
12/24/2021,50900.61,100000000,1965
12/25/2021,50888.72,100000000,1965
12/26/2021,50663.49,100000000,1974
12/27/2021,50852.86,100000000,1966
12/28/2021,50774.07,100000000,1970
12/29/2021,47725.15,100000000,2095
12/30/2021,46506.99,100000000,2150
12/31/2021,47191.87,100000000,2119
1/1/2022,46319.65,100000000,2159
1/2/2022,47816.08,100000000,2091
1/3/2022,47387.21,100000000,2110
1/4/2022,46531.14,100000000,2149
1/5/2022,45938.02,100000000,2177
1/6/2022,43647.15,100000000,2291
1/7/2022,43216.46,100000000,2314
1/8/2022,41527.2,100000000,2408
1/9/2022,41756.66,100000000,2395
1/10/2022,41862.36,100000000,2389
1/11/2022,41869.86,100000000,2388
1/12/2022,42777.21,100000000,2338
1/13/2022,43981.88,100000000,2274
1/14/2022,42608.41,100000000,2347
1/15/2022,43120.85,100000000,2319
1/16/2022,43226.65,100000000,2313
1/17/2022,43119.79,100000000,2319
1/18/2022,42298.34,100000000,2364
1/19/2022,42395.46,100000000,2359
1/20/2022,41749.55,100000000,2395
1/21/2022,40707.68,100000000,2457
1/22/2022,36508.8,100000000,2739
1/23/2022,35180.44,100000000,2842
1/24/2022,36306.41,100000000,2754
1/25/2022,36774.01,100000000,2719
1/26/2022,36988.93,100000000,2704
1/27/2022,36870.44,100000000,2712
1/28/2022,37276.84,100000000,2683
1/29/2022,37852.58,100000000,2642
1/30/2022,38232.18,100000000,2616
1/31/2022,37983.15,100000000,2633
2/1/2022,38555.53,100000000,2594
2/2/2022,38835.69,100000000,2575
2/3/2022,37000.98,100000000,2703
2/4/2022,37101.35,100000000,2695
2/5/2022,41673.84,100000000,2400
2/6/2022,41493.69,100000000,2410
2/7/2022,42475.54,100000000,2354
2/8/2022,43910.93,100000000,2277
2/9/2022,44184.45,100000000,2263
2/10/2022,44383.89,100000000,2253
2/11/2022,43628.14,100000000,2292
2/12/2022,42445.39,100000000,2356
2/13/2022,42254.74,100000000,2367
2/14/2022,42247.84,100000000,2367
2/15/2022,42634.57,100000000,2346
2/16/2022,44574.32,100000000,2243
2/17/2022,44063.28,100000000,2269
2/18/2022,40562.99,100000000,2465
2/19/2022,40073.5,100000000,2495
2/20/2022,40192.76,100000000,2488
2/21/2022,38514.01,100000000,2596
2/22/2022,37059.98,100000000,2698
2/23/2022,38337.2,100000000,2608
2/24/2022,37372.29,100000000,2676
2/25/2022,38363.35,100000000,2607
2/26/2022,39316.16,100000000,2543
2/27/2022,39090.2,100000000,2558
2/28/2022,37803.59,100000000,2645
3/1/2022,43225.4,100000000,2313
3/2/2022,44459.59,100000000,2249
3/3/2022,43980.71,100000000,2274
3/4/2022,42491.98,100000000,2353
3/5/2022,39200.3,100000000,2551
3/6/2022,39463.15,100000000,2534
3/7/2022,38442.99,100000000,2601
3/8/2022,38076.49,100000000,2626
3/9/2022,38732.94,100000000,2582
3/10/2022,41986.03,100000000,2382
3/11/2022,39468.35,100000000,2534
3/12/2022,38775.18,100000000,2579
3/13/2022,38903.69,100000000,2570
3/14/2022,37852.53,100000000,2642
3/15/2022,39669.42,100000000,2521
3/16/2022,39331.85,100000000,2542
3/17/2022,41165.64,100000000,2429
3/18/2022,41001.71,100000000,2439
3/19/2022,41837.41,100000000,2390
3/20/2022,42201.94,100000000,2370
3/21/2022,41283.26,100000000,2422
3/22/2022,41061.82,100000000,2435
3/23/2022,42401.9,100000000,2358
3/24/2022,42802.15,100000000,2336
3/25/2022,43936.1,100000000,2276
3/26/2022,44331.78,100000000,2256
3/27/2022,44510.84,100000000,2247
3/28/2022,46715.12,100000000,2141
3/29/2022,46994.88,100000000,2128
3/30/2022,47459.26,100000000,2107
3/31/2022,47063.37,100000000,2125
4/1/2022,45528.41,100000000,2196
4/2/2022,46270.2,100000000,2161
4/3/2022,45842.14,100000000,2181
4/4/2022,46434.56,100000000,2154
4/5/2022,46622.64,100000000,2145
4/6/2022,45635.45,100000000,2191
4/7/2022,43198.78,100000000,2315
4/8/2022,43515.15,100000000,2298
4/9/2022,42315.71,100000000,2363
4/10/2022,42796.4,100000000,2337
4/11/2022,42274.91,100000000,2365
4/12/2022,39603.97,100000000,2525
4/13/2022,40205.68,100000000,2487
4/14/2022,41205.17,100000000,2427
4/15/2022,39959.46,100000000,2503
4/16/2022,40586.6,100000000,2464
4/17/2022,40450.38,100000000,2472
4/18/2022,39739.12,100000000,2516
4/19/2022,40833.54,100000000,2449
4/20/2022,41498.12,100000000,2410
4/21/2022,41397.22,100000000,2416
4/22/2022,40528.54,100000000,2467
4/23/2022,39756.85,100000000,2515
4/24/2022,39561.78,100000000,2528
4/25/2022,39469.05,100000000,2534
4/26/2022,40488.88,100000000,2470
4/27/2022,38134.22,100000000,2622
4/28/2022,39237.95,100000000,2549
4/29/2022,39741.77,100000000,2516
4/30/2022,38650.55,100000000,2587
5/1/2022,37820.61,100000000,2644
5/2/2022,38537.65,100000000,2595
5/3/2022,38561.57,100000000,2593
5/4/2022,37758.5,100000000,2648
5/5/2022,39699.02,100000000,2519
5/6/2022,36612.23,100000000,2731
5/7/2022,36116.39,100000000,2769
5/8/2022,35573.31,100000000,2811
5/9/2022,34070.31,100000000,2935
5/10/2022,30269.59,100000000,3304
5/11/2022,31026.93,100000000,3223
5/12/2022,28913.49,100000000,3459
5/13/2022,29126.12,100000000,3433
5/14/2022,29310.73,100000000,3412
5/15/2022,30189.33,100000000,3312
5/16/2022,31319.31,100000000,3193
5/17/2022,29923.61,100000000,3342
5/18/2022,30502.19,100000000,3278
5/19/2022,28772.2,100000000,3476
5/20/2022,30382.41,100000000,3291
5/21/2022,29256.81,100000000,3418
5/22/2022,29491.51,100000000,3391
5/23/2022,30351.05,100000000,3295
5/24/2022,29163.17,100000000,3429
5/25/2022,29655.03,100000000,3372
5/26/2022,29584.95,100000000,3380
5/27/2022,29346.78,100000000,3408
5/28/2022,28646.65,100000000,3491
5/29/2022,29088.24,100000000,3438
5/30/2022,29492.5,100000000,3391
5/31/2022,31740.94,100000000,3151
6/1/2022,31865.75,100000000,3138
6/2/2022,29833.45,100000000,3352
6/3/2022,30481.01,100000000,3281
6/4/2022,29714.14,100000000,3365
6/5/2022,29872.36,100000000,3348
6/6/2022,29917.76,100000000,3342
6/7/2022,31372.58,100000000,3187
6/8/2022,31265.47,100000000,3198
6/9/2022,30229.24,100000000,3308
6/10/2022,30101.19,100000000,3322
6/11/2022,29101.3,100000000,3436
6/12/2022,28374.14,100000000,3524
6/13/2022,26767.27,100000000,3736
6/14/2022,22525.77,100000000,4439
6/15/2022,22244.85,100000000,4495
6/16/2022,22529.2,100000000,4439
6/17/2022,20408.69,100000000,4900
6/18/2022,20473.05,100000000,4884
6/19/2022,19047.42,100000000,5250
6/20/2022,20516.41,100000000,4874
6/21/2022,20636.76,100000000,4846
6/22/2022,20700.92,100000000,4831
6/23/2022,19983.57,100000000,5004
6/24/2022,21100.27,100000000,4739
6/25/2022,21262.71,100000000,4703
6/26/2022,21525.88,100000000,4646
6/27/2022,21052.81,100000000,4750
6/28/2022,20751.48,100000000,4819
6/29/2022,20282.54,100000000,4930
6/30/2022,20108.53,100000000,4973
7/1/2022,19608.4,100000000,5100
7/2/2022,19407.45,100000000,5153
7/3/2022,19268.23,100000000,5190
7/4/2022,19310.23,100000000,5179
7/5/2022,20257.01,100000000,4937
7/6/2022,20188.78,100000000,4953
7/7/2022,20566.69,100000000,4862
7/8/2022,21660.6,100000000,4617
7/9/2022,21858.82,100000000,4575
7/10/2022,21589.63,100000000,4632
7/11/2022,20859.81,100000000,4794
7/12/2022,19998.47,100000000,5000
7/13/2022,19350.74,100000000,5168
7/14/2022,20225.24,100000000,4944
7/15/2022,20574.84,100000000,4860
7/16/2022,20794.81,100000000,4809
7/17/2022,21193.08,100000000,4719
7/18/2022,20824.36,100000000,4802
7/19/2022,22395.37,100000000,4465
7/20/2022,23366.91,100000000,4280
7/21/2022,23313.3,100000000,4289
7/22/2022,23155.21,100000000,4319
7/23/2022,22696.9,100000000,4406
7/24/2022,22506.2,100000000,4443
7/25/2022,22613.72,100000000,4422
7/26/2022,21330.3,100000000,4688
7/27/2022,21235.61,100000000,4709
7/28/2022,22908.88,100000000,4365
7/29/2022,23822.07,100000000,4198
7/30/2022,23847.58,100000000,4193
7/31/2022,23653.46,100000000,4228
8/1/2022,23379.7,100000000,4277
8/2/2022,23333.75,100000000,4286
8/3/2022,23053.85,100000000,4338
8/4/2022,22860.42,100000000,4374
8/5/2022,22678.36,100000000,4409
8/6/2022,23225.04,100000000,4306
8/7/2022,22984.58,100000000,4351
8/8/2022,23197.6,100000000,4311
8/9/2022,23823.68,100000000,4198
8/10/2022,23203.68,100000000,4310
8/11/2022,23948.83,100000000,4176
8/12/2022,23948.75,100000000,4176
8/13/2022,24411.38,100000000,4096
8/14/2022,24433.65,100000000,4093
8/15/2022,24312.54,100000000,4113
8/16/2022,24179.01,100000000,4136
8/17/2022,23913.33,100000000,4182
8/18/2022,23359.42,100000000,4281
8/19/2022,23248.38,100000000,4301
8/20/2022,20945.83,100000000,4774
8/21/2022,21175.23,100000000,4722
8/22/2022,21615.76,100000000,4626
8/23/2022,21387.75,100000000,4676
8/24/2022,21562.45,100000000,4638
8/25/2022,21395.46,100000000,4674
8/26/2022,21618.01,100000000,4626
8/27/2022,20271.32,100000000,4933
8/28/2022,20069.95,100000000,4983
8/29/2022,19659.25,100000000,5087
8/30/2022,20308.86,100000000,4924
8/31/2022,19805.35,100000000,5049
9/1/2022,20023.55,100000000,4994
9/2/2022,20153.98,100000000,4962
9/3/2022,19941.45,100000000,5015
9/4/2022,19814.56,100000000,5047
9/5/2022,19980.01,100000000,5005
9/6/2022,19785.73,100000000,5054
9/7/2022,18859.5,100000000,5302
9/8/2022,19280.63,100000000,5187
9/9/2022,19322.78,100000000,5175
9/10/2022,21359.58,100000000,4682
9/11/2022,21707.39,100000000,4607
9/12/2022,21739.8,100000000,4600
9/13/2022,22339.67,100000000,4476
9/14/2022,20184.97,100000000,4954
9/15/2022,20255.92,100000000,4937
9/16/2022,19702.17,100000000,5076
9/17/2022,19764.41,100000000,5060
9/18/2022,20131.68,100000000,4967
9/19/2022,19437.16,100000000,5145
9/20/2022,19570.39,100000000,5110
9/21/2022,18869.93,100000000,5299
9/22/2022,18539.64,100000000,5394
9/23/2022,19464.32,100000000,5138
9/24/2022,19291.9,100000000,5184
9/25/2022,18939.97,100000000,5280
9/26/2022,18809.41,100000000,5316
9/27/2022,19219.73,100000000,5203
9/28/2022,19116.33,100000000,5231
9/29/2022,19444.79,100000000,5143
9/30/2022,19563.77,100000000,5111
10/1/2022,19476.93,100000000,5134
10/2/2022,19314.46,100000000,5177
10/3/2022,19065.15,100000000,5245
10/4/2022,19620.57,100000000,5097
10/5/2022,20345.4,100000000,4915
10/6/2022,20161.83,100000000,4960
10/7/2022,19949.05,100000000,5013
10/8/2022,19457.31,100000000,5139
10/9/2022,19418.04,100000000,5150
10/10/2022,19448.15,100000000,5142
10/11/2022,19142.69,100000000,5224
10/12/2022,19058.63,100000000,5247
10/13/2022,19153.04,100000000,5221
10/14/2022,19383.94,100000000,5159
10/15/2022,19198.11,100000000,5209
10/16/2022,19072.78,100000000,5243
10/17/2022,19272.92,100000000,5189
10/18/2022,19557.9,100000000,5113
10/19/2022,19348.03,100000000,5168
10/20/2022,19134.24,100000000,5226
10/21/2022,19031.16,100000000,5255
10/22/2022,19173.28,100000000,5216
10/23/2022,19203.87,100000000,5207
10/24/2022,19574.82,100000000,5109
10/25/2022,19316.94,100000000,5177
10/26/2022,20095.15,100000000,4976
10/27/2022,20774.25,100000000,4814
10/28/2022,20278.37,100000000,4931
10/29/2022,20591.24,100000000,4856
10/30/2022,20800.71,100000000,4808
10/31/2022,20623.87,100000000,4849
11/1/2022,20494.6,100000000,4879
11/2/2022,20489.65,100000000,4881
11/3/2022,20162.98,100000000,4960
11/4/2022,20210.91,100000000,4948
11/5/2022,21150.32,100000000,4728
11/6/2022,21282.99,100000000,4699
11/7/2022,20907,100000000,4783
11/8/2022,20597.76,100000000,4855
11/9/2022,18562.35,100000000,5387
11/10/2022,15742.44,100000000,6352
11/11/2022,17594.92,100000000,5683
11/12/2022,17080.22,100000000,5855
11/13/2022,16797.99,100000000,5953
11/14/2022,16344.34,100000000,6118
11/15/2022,16645.83,100000000,6008
11/16/2022,16890.53,100000000,5920
11/17/2022,16689.4,100000000,5992
11/18/2022,16718.36,100000000,5981
11/19/2022,16707.02,100000000,5986
11/20/2022,16712.73,100000000,5983
11/21/2022,16304.08,100000000,6133
11/22/2022,15814.34,100000000,6323
11/23/2022,16171.63,100000000,6184
11/24/2022,16608.01,100000000,6021
11/25/2022,16596.04,100000000,6026
11/26/2022,16524.45,100000000,6052
11/27/2022,16456.16,100000000,6077
11/28/2022,16459.15,100000000,6076
11/29/2022,16222.21,100000000,6164
11/30/2022,16441.98,100000000,6082
12/1/2022,17186.5,100000000,5819
12/2/2022,16972.73,100000000,5892
12/3/2022,17084.87,100000000,5853
12/4/2022,16923.38,100000000,5909
12/5/2022,17149.93,100000000,5831
12/6/2022,16973.37,100000000,5892
12/7/2022,17085.64,100000000,5853
12/8/2022,16851.3,100000000,5934
12/9/2022,17235.01,100000000,5802
12/10/2022,17149.82,100000000,5831
12/11/2022,17125.36,100000000,5839
12/12/2022,17101.04,100000000,5848
12/13/2022,17179.6,100000000,5821
12/14/2022,17784.16,100000000,5623
12/15/2022,17808.72,100000000,5615
12/16/2022,17338.36,100000000,5768
12/17/2022,16623.76,100000000,6015
12/18/2022,16806.49,100000000,5950
12/19/2022,16742.82,100000000,5973
12/20/2022,16422.56,100000000,6089
12/21/2022,16899.33,100000000,5917
12/22/2022,16816.85,100000000,5946
12/23/2022,16824.79,100000000,5944
12/24/2022,16791.46,100000000,5955
12/25/2022,16848.57,100000000,5935
12/26/2022,16842.18,100000000,5937
12/27/2022,16900.08,100000000,5917
12/28/2022,16701.84,100000000,5987
12/29/2022,16538.91,100000000,6046
12/30/2022,16644.38,100000000,6008
12/31/2022,16604.02,100000000,6023
1/1/2023,16540.69,100000000,6046
1/2/2023,16615.97,100000000,6018
1/3/2023,16674.34,100000000,5997
1/4/2023,16677.65,100000000,5996
1/5/2023,16855.17,100000000,5933
1/6/2023,16832.1,100000000,5941
1/7/2023,16960.23,100000000,5896
1/8/2023,16950.86,100000000,5899
1/9/2023,17074.62,100000000,5857
1/10/2023,17194.91,100000000,5816
1/11/2023,17436.9,100000000,5735
1/12/2023,17996.83,100000000,5557
1/13/2023,18866.81,100000000,5300
1/14/2023,19941.78,100000000,5015
1/15/2023,21019.21,100000000,4758
1/16/2023,20853.23,100000000,4795
1/17/2023,21175.34,100000000,4722
1/18/2023,21156.78,100000000,4727
1/19/2023,20726.84,100000000,4825
1/20/2023,21081.67,100000000,4743
1/21/2023,22705.83,100000000,4404
1/22/2023,22771.02,100000000,4392
1/23/2023,22736.66,100000000,4398
1/24/2023,22984.87,100000000,4351
1/25/2023,22610.01,100000000,4423
1/26/2023,23180.42,100000000,4314
1/27/2023,23024.75,100000000,4343
1/28/2023,23082.86,100000000,4332
1/29/2023,23022.23,100000000,4344
1/30/2023,23797.46,100000000,4202
1/31/2023,22840.39,100000000,4378
2/1/2023,23137.32,100000000,4322
2/2/2023,23725.16,100000000,4215
2/3/2023,23539.68,100000000,4248
2/4/2023,23451.58,100000000,4264
2/5/2023,23340.35,100000000,4284
2/6/2023,22946.29,100000000,4358
2/7/2023,22786.48,100000000,4389
2/8/2023,23294.91,100000000,4293
2/9/2023,22947.51,100000000,4358
2/10/2023,21820.89,100000000,4583
2/11/2023,21630.13,100000000,4623
2/12/2023,21889.43,100000000,4568
2/13/2023,21779.87,100000000,4591
2/14/2023,21807.83,100000000,4586
2/15/2023,22220.07,100000000,4500
2/16/2023,24307.88,100000000,4114
2/17/2023,23756.91,100000000,4209
2/18/2023,24628.82,100000000,4060
2/19/2023,24642.79,100000000,4058
2/20/2023,24284.48,100000000,4118
2/21/2023,24786.67,100000000,4034
2/22/2023,24417.39,100000000,4095
2/23/2023,24146.1,100000000,4141
2/24/2023,23951.11,100000000,4175
2/25/2023,23172.29,100000000,4315
2/26/2023,23157.04,100000000,4318
2/27/2023,23541.12,100000000,4248
2/28/2023,23518.12,100000000,4252
3/1/2023,23155.54,100000000,4319
3/2/2023,23634.33,100000000,4231
3/3/2023,23464.34,100000000,4262
3/4/2023,22367.43,100000000,4471
3/5/2023,22348.33,100000000,4475
3/6/2023,22421.89,100000000,4460
3/7/2023,22415.11,100000000,4461
3/8/2023,22217.21,100000000,4501
3/9/2023,21712.65,100000000,4606
3/10/2023,20376.32,100000000,4908
3/11/2023,20195.23,100000000,4952
3/12/2023,20521.56,100000000,4873
3/13/2023,22095.71,100000000,4526
3/14/2023,24178.96,100000000,4136
3/15/2023,24758.77,100000000,4039
3/16/2023,24470.88,100000000,4086
3/17/2023,25161.27,100000000,3974
3/18/2023,27466.68,100000000,3641
3/19/2023,27107.79,100000000,3689
3/20/2023,28186.84,100000000,3548
3/21/2023,27929.17,100000000,3580
3/22/2023,28264.24,100000000,3538
3/23/2023,27449.25,100000000,3643
3/24/2023,28459.74,100000000,3514
3/25/2023,27595.49,100000000,3624
3/26/2023,27670.2,100000000,3614
3/27/2023,28048.47,100000000,3565
3/28/2023,27182.3,100000000,3679
3/29/2023,27291.35,100000000,3664
3/30/2023,28395,100000000,3522
3/31/2023,28041.12,100000000,3566
4/1/2023,28516.78,100000000,3507
4/2/2023,28498.94,100000000,3509
4/3/2023,28236.51,100000000,3542
4/4/2023,27815.43,100000000,3595
4/5/2023,28175.33,100000000,3549
4/6/2023,28197.2,100000000,3546
4/7/2023,28042.98,100000000,3566
4/8/2023,27934.44,100000000,3580
4/9/2023,27968.13,100000000,3575
4/10/2023,28351.24,100000000,3527
4/11/2023,29657.97,100000000,3372
4/12/2023,30260.94,100000000,3305
4/13/2023,29904.14,100000000,3344
4/14/2023,30405.03,100000000,3289
4/15/2023,30468.41,100000000,3282
4/16/2023,30312.16,100000000,3299
4/17/2023,30304.81,100000000,3300
4/18/2023,29467.46,100000000,3394
4/19/2023,30365.9,100000000,3293
4/20/2023,28833.22,100000000,3468
4/21/2023,28255.58,100000000,3539
4/22/2023,27300.16,100000000,3663
4/23/2023,27861.64,100000000,3589
4/24/2023,27606.58,100000000,3622
4/25/2023,27511.64,100000000,3635
4/26/2023,28351.22,100000000,3527
4/27/2023,28352.19,100000000,3527
4/28/2023,29483.52,100000000,3392
4/29/2023,29339.99,100000000,3408
4/30/2023,29217.94,100000000,3423
5/1/2023,29362.06,100000000,3406
5/2/2023,28125.5,100000000,3555
5/3/2023,28654.39,100000000,3490
5/4/2023,28988.32,100000000,3450
5/5/2023,28846.46,100000000,3467
5/6/2023,29520.32,100000000,3387
5/7/2023,28887.74,100000000,3462
5/8/2023,28611.44,100000000,3495
5/9/2023,27696.76,100000000,3611
5/10/2023,27607.39,100000000,3622
5/11/2023,27639.73,100000000,3618
5/12/2023,27024.77,100000000,3700
5/13/2023,26787.69,100000000,3733
5/14/2023,26798.13,100000000,3732
5/15/2023,26911.81,100000000,3716
5/16/2023,27227.79,100000000,3673
5/17/2023,27022.71,100000000,3701
5/18/2023,27389.97,100000000,3651
5/19/2023,26842.95,100000000,3725
5/20/2023,26884.37,100000000,3720
5/21/2023,27093.79,100000000,3691
5/22/2023,26773.83,100000000,3735
5/23/2023,26869.69,100000000,3722
5/24/2023,27222.94,100000000,3673
5/25/2023,26338.95,100000000,3797
5/26/2023,26475.61,100000000,3777
5/27/2023,26717.99,100000000,3743
5/28/2023,26848.24,100000000,3725
5/29/2023,28110.31,100000000,3557
5/30/2023,27759.75,100000000,3602
5/31/2023,27713.91,100000000,3608
6/1/2023,27245.47,100000000,3670
6/2/2023,26824.1,100000000,3728
6/3/2023,27247.74,100000000,3670
6/4/2023,27066.37,100000000,3695
6/5/2023,27315.45,100000000,3661
6/6/2023,25792.62,100000000,3877
6/7/2023,27216.62,100000000,3674
6/8/2023,26346.24,100000000,3796
6/9/2023,26507.91,100000000,3772
6/10/2023,26469.58,100000000,3778
6/11/2023,25858.12,100000000,3867
6/12/2023,25916.58,100000000,3859
6/13/2023,25910.36,100000000,3859
6/14/2023,25872.21,100000000,3865
6/15/2023,25107.75,100000000,3983
6/16/2023,25564.6,100000000,3912
6/17/2023,26327.33,100000000,3798
6/18/2023,26501.04,100000000,3773
6/19/2023,26333.09,100000000,3798
6/20/2023,26779.39,100000000,3734
6/21/2023,28330.89,100000000,3530
6/22/2023,30101.76,100000000,3322
6/23/2023,29935.63,100000000,3341
6/24/2023,30629.24,100000000,3265
6/25/2023,30537.82,100000000,3275
6/26/2023,30454.76,100000000,3284
6/27/2023,30285.51,100000000,3302
6/28/2023,30693.55,100000000,3258
6/29/2023,30083.48,100000000,3324
6/30/2023,30466.61,100000000,3282
7/1/2023,30480.78,100000000,3281
7/2/2023,30583.62,100000000,3270
7/3/2023,30571.89,100000000,3271
7/4/2023,31134.71,100000000,3212
7/5/2023,30775.62,100000000,3249
7/6/2023,30484.79,100000000,3280
7/7/2023,29990.06,100000000,3334
7/8/2023,30315.27,100000000,3299
7/9/2023,30264.2,100000000,3304
7/10/2023,30169.87,100000000,3315
7/11/2023,30394.28,100000000,3290
7/12/2023,30620.81,100000000,3266
7/13/2023,30407.42,100000000,3289
7/14/2023,31446.01,100000000,3180
7/15/2023,30311.83,100000000,3299
7/16/2023,30297.97,100000000,3301
7/17/2023,30237.33,100000000,3307
7/18/2023,30147.86,100000000,3317
7/19/2023,29848.03,100000000,3350
7/20/2023,29919.87,100000000,3342
7/21/2023,29787.04,100000000,3357
7/22/2023,29914.68,100000000,3343
7/23/2023,29710.16,100000000,3366
7/24/2023,30057.96,100000000,3327
7/25/2023,29184.9,100000000,3426
7/26/2023,29222.97,100000000,3422
7/27/2023,29363.67,100000000,3406
7/28/2023,29200.24,100000000,3425
7/29/2023,29314.1,100000000,3411
7/30/2023,29356.75,100000000,3406
7/31/2023,29277.76,100000000,3416
8/1/2023,29233.14,100000000,3421
8/2/2023,29537.11,100000000,3386
8/3/2023,29146.64,100000000,3431
8/4/2023,29176.15,100000000,3427
8/5/2023,29087.94,100000000,3438
8/6/2023,29046.8,100000000,3443
8/7/2023,29044.2,100000000,3443
8/8/2023,29178.15,100000000,3427
8/9/2023,29779.56,100000000,3358
8/10/2023,29585.49,100000000,3380
8/11/2023,29423.82,100000000,3399
8/12/2023,29396.85,100000000,3402
8/13/2023,29412.14,100000000,3400
8/14/2023,29284.97,100000000,3415
8/15/2023,29400.59,100000000,3401
8/16/2023,29170.49,100000000,3428
8/17/2023,28754.2,100000000,3478
8/18/2023,26501.59,100000000,3773
8/19/2023,26042.84,100000000,3840
8/20/2023,26104.78,100000000,3831
8/21/2023,26160.7,100000000,3823
8/22/2023,26119.01,100000000,3829
8/23/2023,26033.68,100000000,3841
8/24/2023,26450.01,100000000,3781
8/25/2023,26134.93,100000000,3826
8/26/2023,26044.04,100000000,3840
8/27/2023,26002.02,100000000,3846
8/28/2023,26082.72,100000000,3834
8/29/2023,26109.27,100000000,3830
8/30/2023,27730.5,100000000,3606
8/31/2023,27297.26,100000000,3663
9/1/2023,25927.42,100000000,3857
9/2/2023,25812.33,100000000,3874
9/3/2023,25853.66,100000000,3868
9/4/2023,25959.6,100000000,3852
9/5/2023,25829.36,100000000,3872
9/6/2023,25784.41,100000000,3878
9/7/2023,25752.96,100000000,3883
9/8/2023,26192.33,100000000,3818
9/9/2023,25907.23,100000000,3860
9/10/2023,25889.33,100000000,3863
9/11/2023,25834.58,100000000,3871
9/12/2023,25133.3,100000000,3979
9/13/2023,25866.81,100000000,3866
9/14/2023,26223.44,100000000,3813
9/15/2023,26531.4,100000000,3769
9/16/2023,26634.63,100000000,3755
9/17/2023,26557.77,100000000,3765
9/18/2023,26520.99,100000000,3771
9/19/2023,26741.46,100000000,3740
9/20/2023,27219.3,100000000,3674
9/21/2023,27115.85,100000000,3688
9/22/2023,26561.13,100000000,3765
9/23/2023,26572.04,100000000,3763
9/24/2023,26573.92,100000000,3763
9/25/2023,26249.56,100000000,3810
9/26/2023,26298.63,100000000,3802
9/27/2023,26204.76,100000000,3816
9/28/2023,26350.15,100000000,3795
9/29/2023,27009.01,100000000,3702
9/30/2023,26917.2,100000000,3715
10/1/2023,26969.88,100000000,3708
10/2/2023,27967.51,100000000,3576
10/3/2023,27615.06,100000000,3621
10/4/2023,27439.12,100000000,3644
10/5/2023,27792.11,100000000,3598
10/6/2023,27435.87,100000000,3645
10/7/2023,27958.2,100000000,3577
10/8/2023,27977.54,100000000,3574
10/9/2023,27948.1,100000000,3578
10/10/2023,27593.78,100000000,3624
10/11/2023,27392.25,100000000,3651
10/12/2023,26842.19,100000000,3725
10/13/2023,26729.14,100000000,3741
10/14/2023,26841.14,100000000,3726
10/15/2023,26863.18,100000000,3723
10/16/2023,27150.3,100000000,3683
10/17/2023,28513.31,100000000,3507
10/18/2023,28417.72,100000000,3519
10/19/2023,28328.25,100000000,3530
10/20/2023,28715.75,100000000,3482
10/21/2023,29677.39,100000000,3370
10/22/2023,29920.07,100000000,3342
10/23/2023,30019.38,100000000,3331
10/24/2023,32953.26,100000000,3035
10/25/2023,33846.72,100000000,2954
10/26/2023,34471.99,100000000,2901
10/27/2023,34174.45,100000000,2926
10/28/2023,33899.09,100000000,2950
10/29/2023,34092.63,100000000,2933
10/30/2023,34556.24,100000000,2894
10/31/2023,34498.7,100000000,2899
11/1/2023,34672.29,100000000,2884
11/2/2023,35457.45,100000000,2820
11/3/2023,34924.06,100000000,2863
11/4/2023,34731.38,100000000,2879
11/5/2023,35048.41,100000000,2853
11/6/2023,35061.93,100000000,2852
11/7/2023,35031.27,100000000,2855
11/8/2023,35436.54,100000000,2822
11/9/2023,35795.08,100000000,2794
11/10/2023,36768.42,100000000,2720
11/11/2023,37344.25,100000000,2678
11/12/2023,37122.72,100000000,2694
11/13/2023,37067.7,100000000,2698
11/14/2023,36549.16,100000000,2736
11/15/2023,35545.2,100000000,2813
11/16/2023,37903.66,100000000,2638
11/17/2023,36201.52,100000000,2762
11/18/2023,36527.76,100000000,2738
11/19/2023,36582.37,100000000,2734
11/20/2023,37413.99,100000000,2673
11/21/2023,37489.3,100000000,2667
11/22/2023,35965.36,100000000,2780
11/23/2023,37464.83,100000000,2669
11/24/2023,37293.32,100000000,2681
11/25/2023,37738.93,100000000,2650
11/26/2023,37809.85,100000000,2645
11/27/2023,37491.84,100000000,2667
11/28/2023,37250.17,100000000,2685
11/29/2023,37802.24,100000000,2645
11/30/2023,37810.35,100000000,2645
12/1/2023,37711.82,100000000,2652
12/2/2023,38688.26,100000000,2585
12/3/2023,39481.67,100000000,2533
12/4/2023,39960.28,100000000,2502
12/5/2023,41974.33,100000000,2382
12/6/2023,44105.94,100000000,2267
12/7/2023,43788.29,100000000,2284
12/8/2023,43270.12,100000000,2311
12/9/2023,44202.18,100000000,2262
12/10/2023,43745.49,100000000,2286
12/11/2023,43757.96,100000000,2285
12/12/2023,41200.96,100000000,2427
12/13/2023,41450.82,100000000,2412
12/14/2023,42931.76,100000000,2329
12/15/2023,43009.6,100000000,2325
12/16/2023,41992.01,100000000,2381
12/17/2023,42247.07,100000000,2367
12/18/2023,41410.82,100000000,2415
12/19/2023,42684.18,100000000,2343
12/20/2023,42250.21,100000000,2367
12/21/2023,43634.12,100000000,2292
12/22/2023,43849.7,100000000,2281
12/23/2023,44003.7,100000000,2273
12/24/2023,43752.03,100000000,2286
12/25/2023,43034.97,100000000,2324
12/26/2023,43638.24,100000000,2292
12/27/2023,42516.43,100000000,2352
12/28/2023,43418.47,100000000,2303
12/29/2023,42600.65,100000000,2347
12/30/2023,42074.71,100000000,2377
12/31/2023,42220.61,100000000,2369
1/1/2024,42208.2,100000000,2369
1/2/2024,44168.68,100000000,2264
1/3/2024,44994.67,100000000,2222
1/4/2024,42821.56,100000000,2335
1/5/2024,44195.58,100000000,2263
1/6/2024,44113.7,100000000,2267
1/7/2024,43956.12,100000000,2275
1/8/2024,43883.74,100000000,2279
1/9/2024,46936.19,100000000,2131
1/10/2024,46105.95,100000000,2169
1/11/2024,46632.31,100000000,2144
1/12/2024,46314.36,100000000,2159
1/13/2024,42893.93,100000000,2331
1/14/2024,42848.47,100000000,2334
1/15/2024,41800.93,100000000,2392
1/16/2024,42587.34,100000000,2348
1/17/2024,43148,100000000,2318
1/18/2024,42713.86,100000000,2341
1/19/2024,41261.39,100000000,2424
1/20/2024,41600.94,100000000,2404
1/21/2024,41626.11,100000000,2402
1/22/2024,41541.9,100000000,2407
1/23/2024,39504.73,100000000,2531
1/24/2024,39833.45,100000000,2510
1/25/2024,40123.67,100000000,2492
1/26/2024,39938.29,100000000,2504
1/27/2024,41862.94,100000000,2389
1/28/2024,42119.61,100000000,2374
1/29/2024,42026.58,100000000,2379
1/30/2024,43267.61,100000000,2311
1/31/2024,42892.03,100000000,2331
2/1/2024,42583.26,100000000,2348
2/2/2024,43069.04,100000000,2322
2/3/2024,43170.66,100000000,2316
2/4/2024,42976.85,100000000,2327
2/5/2024,42599.36,100000000,2347
2/6/2024,42648.46,100000000,2345
2/7/2024,43087.79,100000000,2321
2/8/2024,44247.42,100000000,2260
2/9/2024,45338.27,100000000,2206
2/10/2024,47143.24,100000000,2121
2/11/2024,47769,100000000,2093
2/12/2024,48189.88,100000000,2075
2/13/2024,50050.14,100000000,1998
2/14/2024,49732.15,100000000,2011
2/15/2024,51790.17,100000000,1931
2/16/2024,51958.23,100000000,1925
2/17/2024,52166.43,100000000,1917
2/18/2024,51684.52,100000000,1935
2/19/2024,52138.49,100000000,1918
2/20/2024,51764.31,100000000,1932
2/21/2024,52286.79,100000000,1913
2/22/2024,51842.76,100000000,1929
2/23/2024,51319.5,100000000,1949
2/24/2024,50841.08,100000000,1967
2/25/2024,51553.1,100000000,1940
2/26/2024,51751.88,100000000,1932
2/27/2024,54478.19,100000000,1836
2/28/2024,57003.53,100000000,1754
2/29/2024,62558.58,100000000,1599
3/1/2024,61298.22,100000000,1631
3/2/2024,62426.64,100000000,1602
3/3/2024,62067.87,100000000,1611
3/4/2024,63053.11,100000000,1586
3/5/2024,68186.65,100000000,1467
3/6/2024,64291.54,100000000,1555
3/7/2024,66145.92,100000000,1512
3/8/2024,66944.88,100000000,1494
3/9/2024,68315.25,100000000,1464
3/10/2024,68508,100000000,1460
3/11/2024,69075.67,100000000,1448
3/12/2024,72130.55,100000000,1386
3/13/2024,71467.17,100000000,1399
3/14/2024,73097.77,100000000,1368
3/15/2024,71420.03,100000000,1400
3/16/2024,69497.76,100000000,1439
3/17/2024,65292.31,100000000,1532
3/18/2024,68425.42,100000000,1461
3/19/2024,67708.94,100000000,1477
3/20/2024,62132.52,100000000,1609
3/21/2024,67819.06,100000000,1475
3/22/2024,65535.98,100000000,1526
3/23/2024,63509.04,100000000,1575
3/24/2024,64285.8,100000000,1556
3/25/2024,67310.98,100000000,1486
3/26/2024,69938.95,100000000,1430
3/27/2024,70082.05,100000000,1427
3/28/2024,69435.75,100000000,1440
3/29/2024,70710.2,100000000,1414
3/30/2024,69919.06,100000000,1430
3/31/2024,69702.31,100000000,1435
4/1/2024,71246.95,100000000,1404
4/2/2024,69785.93,100000000,1433
4/3/2024,65440.42,100000000,1528
4/4/2024,66123.94,100000000,1512
4/5/2024,68542.18,100000000,1459
4/6/2024,67978.61,100000000,1471
4/7/2024,69000.65,100000000,1449
4/8/2024,69401.97,100000000,1441
4/9/2024,71624.18,100000000,1396
4/10/2024,69158.64,100000000,1446
4/11/2024,70527.89,100000000,1418
4/12/2024,70106.66,100000000,1426
4/13/2024,67252.11,100000000,1487
4/14/2024,64404.83,100000000,1553
4/15/2024,65752.66,100000000,1521
4/16/2024,63430.57,100000000,1577
4/17/2024,63720.5,100000000,1569
4/18/2024,61328.9,100000000,1631
4/19/2024,63461.59,100000000,1576
4/20/2024,63988.82,100000000,1563
4/21/2024,64894.42,100000000,1541
4/22/2024,64936.42,100000000,1540
4/23/2024,66841.67,100000000,1496
4/24/2024,66406.95,100000000,1506
4/25/2024,64279.52,100000000,1556
4/26/2024,64486.18,100000000,1551
4/27/2024,63802.33,100000000,1567
4/28/2024,63517.25,100000000,1574
4/29/2024,63030.43,100000000,1587
4/30/2024,63797.68,100000000,1567
5/1/2024,60749.47,100000000,1646
5/2/2024,58297.57,100000000,1715
5/3/2024,59135.17,100000000,1691
5/4/2024,62839.34,100000000,1591
5/5/2024,63820.45,100000000,1567
5/6/2024,64010.01,100000000,1562
5/7/2024,63172.48,100000000,1583
5/8/2024,62363.06,100000000,1604
5/9/2024,61215.5,100000000,1634
5/10/2024,63148.6,100000000,1584
5/11/2024,60888.22,100000000,1642
5/12/2024,60776.97,100000000,1645
5/13/2024,61507.05,100000000,1626
5/14/2024,62878.78,100000000,1590
5/15/2024,61569.11,100000000,1624
5/16/2024,66220.52,100000000,1510
5/17/2024,65260.88,100000000,1532
5/18/2024,67053.12,100000000,1491
5/19/2024,66912.62,100000000,1494
5/20/2024,66252.71,100000000,1509
5/21/2024,71430.3,100000000,1400
5/22/2024,70189.84,100000000,1425
5/23/2024,69181.2,100000000,1445
5/24/2024,67906.47,100000000,1473
5/25/2024,68539.92,100000000,1459
5/26/2024,69268.45,100000000,1444
5/27/2024,68508.83,100000000,1460
5/28/2024,69367.24,100000000,1442
5/29/2024,68316.64,100000000,1464
5/30/2024,67577.27,100000000,1480
5/31/2024,68372.49,100000000,1463
6/1/2024,67474.95,100000000,1482
6/2/2024,67704.33,100000000,1477
6/3/2024,67740.02,100000000,1476
6/4/2024,68808.29,100000000,1453
6/5/2024,70600.01,100000000,1416
6/6/2024,71184.6,100000000,1405
6/7/2024,70759.59,100000000,1413
6/8/2024,69325.36,100000000,1442
6/9/2024,69315.1,100000000,1443
6/10/2024,69654.16,100000000,1436
6/11/2024,69493.18,100000000,1439
6/12/2024,67329.15,100000000,1485
6/13/2024,68224.52,100000000,1466
6/14/2024,66700.32,100000000,1499
6/15/2024,66011.08,100000000,1515
6/16/2024,66190.49,100000000,1511
6/17/2024,66615.54,100000000,1501
6/18/2024,66460.39,100000000,1505
6/19/2024,65109.31,100000000,1536
6/20/2024,64907.07,100000000,1541
6/21/2024,64844.67,100000000,1542
6/22/2024,64071.62,100000000,1561
6/23/2024,64239.9,100000000,1557
6/24/2024,63221.36,100000000,1582
6/25/2024,60363.23,100000000,1657
6/26/2024,61770.41,100000000,1619
6/27/2024,60749.9,100000000,1646
6/28/2024,61562.65,100000000,1624
6/29/2024,60317.1,100000000,1658
6/30/2024,60864.44,100000000,1643
7/1/2024,62734.39,100000000,1594
7/2/2024,62819.82,100000000,1592
7/3/2024,62042.57,100000000,1612
7/4/2024,60244.68,100000000,1660
7/5/2024,57189.17,100000000,1749
7/6/2024,56739.86,100000000,1762
7/7/2024,58230.48,100000000,1717
7/8/2024,55880.38,100000000,1790
7/9/2024,56665.14,100000000,1765
7/10/2024,57988.3,100000000,1724
7/11/2024,57704.2,100000000,1733
7/12/2024,57388.19,100000000,1743
7/13/2024,57899.29,100000000,1727
7/14/2024,59152.72,100000000,1691
7/15/2024,60942.33,100000000,1641
7/16/2024,64835.49,100000000,1542
7/17/2024,65162.24,100000000,1535
7/18/2024,64136.31,100000000,1559
7/19/2024,63959.57,100000000,1563
7/20/2024,66689.55,100000000,1499
7/21/2024,67206.06,100000000,1488
7/22/2024,68088.14,100000000,1469
7/23/2024,67607.71,100000000,1479
7/24/2024,65942.42,100000000,1516
7/25/2024,65403.54,100000000,1529
7/26/2024,65749.96,100000000,1521
7/27/2024,67920.3,100000000,1472
7/28/2024,68055.41,100000000,1469
7/29/2024,68242.25,100000000,1465
7/30/2024,66770.32,100000000,1498
7/31/2024,66219.05,100000000,1510
8/1/2024,64679.78,100000000,1546
8/2/2024,65357.53,100000000,1530
8/3/2024,61407.3,100000000,1628
8/4/2024,60738.74,100000000,1646
8/5/2024,58006.21,100000000,1724
8/6/2024,53956.26,100000000,1853
8/7/2024,55959.84,100000000,1787
8/8/2024,55099.95,100000000,1815
8/9/2024,61859.03,100000000,1617
8/10/2024,60912.59,100000000,1642
8/11/2024,60887.71,100000000,1642
8/12/2024,58804.23,100000000,1701
8/13/2024,59350.07,100000000,1685
8/14/2024,60601.22,100000000,1650
8/15/2024,58739.19,100000000,1702
8/16/2024,57624.12,100000000,1735
8/17/2024,58881.93,100000000,1698
8/18/2024,59430.79,100000000,1683
8/19/2024,58438.29,100000000,1711
8/20/2024,59574.95,100000000,1679
8/21/2024,59060.13,100000000,1693
8/22/2024,61144.69,100000000,1635
8/23/2024,60387.54,100000000,1656
8/24/2024,64049.69,100000000,1561
8/25/2024,64157.16,100000000,1559
8/26/2024,64265.82,100000000,1556
8/27/2024,62922.59,100000000,1589
8/28/2024,59526.56,100000000,1680
8/29/2024,59015.3,100000000,1694
8/30/2024,59351.58,100000000,1685
8/31/2024,59156.25,100000000,1690
9/1/2024,58960.24,100000000,1696
9/2/2024,57357.72,100000000,1743
9/3/2024,59108.73,100000000,1692
9/4/2024,57504.54,100000000,1739
9/5/2024,57987.85,100000000,1724
9/6/2024,56132.4,100000000,1782
9/7/2024,53923.36,100000000,1854
9/8/2024,54150.94,100000000,1847
9/9/2024,54792.41,100000000,1825
9/10/2024,57049.12,100000000,1753
9/11/2024,57624.16,100000000,1735
9/12/2024,57381.76,100000000,1743
9/13/2024,58106.95,100000000,1721
9/14/2024,60620.63,100000000,1650
9/15/2024,60003.3,100000000,1667
9/16/2024,59214.8,100000000,1689
9/17/2024,58211.12,100000000,1718
9/18/2024,60317.03,100000000,1658
9/19/2024,61440.41,100000000,1628
9/20/2024,62966.53,100000000,1588
9/21/2024,63128.22,100000000,1584
9/22/2024,63403.4,100000000,1577
9/23/2024,63582.6,100000000,1573
9/24/2024,63327.03,100000000,1579
9/25/2024,64334.14,100000000,1554
9/26/2024,63151.9,100000000,1583
9/27/2024,65130.77,100000000,1535
9/28/2024,65791,100000000,1520
9/29/2024,65934.11,100000000,1517
9/30/2024,65663.69,100000000,1523
10/1/2024,63243.28,100000000,1581
10/2/2024,60872.67,100000000,1643
10/3/2024,60655.56,100000000,1649
10/4/2024,60727.86,100000000,1647
10/5/2024,62103.01,100000000,1610
10/6/2024,62091.93,100000000,1611
10/7/2024,62811.8,100000000,1592
10/8/2024,62287.39,100000000,1605
10/9/2024,62185.23,100000000,1608
10/10/2024,60597.15,100000000,1650
10/11/2024,60195.18,100000000,1661
10/12/2024,62392.34,100000000,1603
10/13/2024,63207.77,100000000,1582
10/14/2024,62829.53,100000000,1592
10/15/2024,66049.99,100000000,1514
10/16/2024,66962.22,100000000,1493
10/17/2024,67647.54,100000000,1478
10/18/2024,67328.11,100000000,1485
10/19/2024,68465.62,100000000,1461
10/20/2024,68388.87,100000000,1462
10/21/2024,68962.83,100000000,1450
10/22/2024,67394.86,100000000,1484
10/23/2024,67351.05,100000000,1485
10/24/2024,66683.97,100000000,1500
10/25/2024,68214.05,100000000,1466
10/26/2024,66585.67,100000000,1502
10/27/2024,67018.17,100000000,1492
10/28/2024,67938.55,100000000,1472
10/29/2024,69845.3,100000000,1432
10/30/2024,72781.11,100000000,1374
10/31/2024,72342.62,100000000,1382
11/1/2024,70265,100000000,1423
11/2/2024,69507.92,100000000,1439
11/3/2024,69299.16,100000000,1443
11/4/2024,68803.51,100000000,1453
11/5/2024,67793.3,100000000,1475
11/6/2024,69335.43,100000000,1442
11/7/2024,75620.89,100000000,1322
11/8/2024,75987.24,100000000,1316
11/9/2024,76550.02,100000000,1306
11/10/2024,76630.23,100000000,1305
11/11/2024,80466.72,100000000,1243
11/12/2024,88637.42,100000000,1128
11/13/2024,88264.6,100000000,1133
11/14/2024,90488.1,100000000,1105
11/15/2024,87407.51,100000000,1144
11/16/2024,90947.98,100000000,1100
11/17/2024,90606.45,100000000,1104
11/18/2024,89841.47,100000000,1113
11/19/2024,90534.62,100000000,1105
11/20/2024,92251.65,100000000,1084
11/21/2024,94217.02,100000000,1061
11/22/2024,98509.12,100000000,1015
11/23/2024,98927.49,100000000,1011
11/24/2024,97679.46,100000000,1024
11/25/2024,98015.94,100000000,1020
11/26/2024,93004.7,100000000,1075
11/27/2024,91931.83,100000000,1088
11/28/2024,95981.18,100000000,1042
11/29/2024,95661.6,100000000,1045
11/30/2024,97453.25,100000000,1026
12/1/2024,96513.14,100000000,1036
12/2/2024,97311.71,100000000,1028
12/3/2024,95833.14,100000000,1043
12/4/2024,96031.63,100000000,1041
12/5/2024,98881.47,100000000,1011
12/6/2024,97201.5,100000000,1029
12/7/2024,99973.85,100000000,1000
12/8/2024,99781.83,100000000,1002
12/9/2024,101235.37,100000000,988
12/10/2024,97353.95,100000000,1027
12/11/2024,96649.71,100000000,1035
12/12/2024,101123.62,100000000,989
12/13/2024,100000.81,100000000,1000
12/14/2024,101352.23,100000000,987
12/15/2024,101367.01,100000000,987
12/16/2024,104721.5,100000000,955
12/17/2024,106074.11,100000000,943
12/18/2024,106034.91,100000000,943
12/19/2024,100355.58,100000000,996
12/20/2024,97851.35,100000000,1022
12/21/2024,97691.43,100000000,1024
12/22/2024,97202.82,100000000,1029
12/23/2024,95094.27,100000000,1052
12/24/2024,94644.91,100000000,1057
12/25/2024,98695.71,100000000,1013
12/26/2024,99344.95,100000000,1007
12/27/2024,95678.31,100000000,1045
12/28/2024,94331.95,100000000,1060
12/29/2024,95184.62,100000000,1051
12/30/2024,93663.45,100000000,1068
12/31/2024,92627.28,100000000,1080
1/1/2025,93507.86,100000000,1069
1/2/2025,94384.18,100000000,1059
1/3/2025,96852.15,100000000,1033
1/4/2025,98084.34,100000000,1020
1/5/2025,98256.74,100000000,1018
1/6/2025,98364.59,100000000,1017
1/7/2025,102229.39,100000000,978
1/8/2025,96952.1,100000000,1031
1/9/2025,95016.71,100000000,1052
1/10/2025,92376.28,100000000,1083
1/11/2025,94736.63,100000000,1056
1/12/2025,94559.55,100000000,1058
1/13/2025,94454.77,100000000,1059
1/14/2025,94456.35,100000000,1059
1/15/2025,96574.08,100000000,1035
1/16/2025,100313.15,100000000,997
1/17/2025,100044.58,100000000,1000
1/18/2025,104160.69,100000000,960
1/19/2025,104334.62,100000000,958
1/20/2025,101275.34,100000000,987
1/21/2025,101764.91,100000000,983
1/22/2025,106182.24,100000000,942
1/23/2025,103673.54,100000000,965
1/24/2025,104067.61,100000000,961
1/25/2025,104835.19,100000000,954
1/26/2025,104796.04,100000000,954
1/27/2025,102552.25,100000000,975
1/28/2025,101958.47,100000000,981
1/29/2025,101313.11,100000000,987
1/30/2025,103718.98,100000000,964
1/31/2025,104781.51,100000000,954
2/1/2025,102382.39,100000000,977
2/2/2025,100674.79,100000000,993
2/3/2025,97568.32,100000000,1025
2/4/2025,101466.86,100000000,986
2/5/2025,98118.44,100000000,1019
2/6/2025,96582.89,100000000,1035
2/7/2025,96635.42,100000000,1035
2/8/2025,96558.46,100000000,1036
2/9/2025,96558.24,100000000,1036
2/10/2025,96548.58,100000000,1036
2/11/2025,97399.98,100000000,1027
2/12/2025,95739.98,100000000,1044
2/13/2025,97836.19,100000000,1022
2/14/2025,96561.66,100000000,1036
2/15/2025,97488.48,100000000,1026
2/16/2025,97569.95,100000000,1025
2/17/2025,96149.35,100000000,1040
2/18/2025,95776.16,100000000,1044
