s&p_date,price,one_dollar_unit
6/1/2017,"2,430.10",0.0004
6/2/2017,"2,439.10",0.0004
6/5/2017,"2,436.10",0.0004
6/6/2017,"2,429.30",0.0004
6/7/2017,"2,433.10",0.0004
6/8/2017,"2,433.80",0.0004
6/9/2017,"2,431.80",0.0004
6/12/2017,"2,429.40",0.0004
6/13/2017,"2,440.30",0.0004
6/14/2017,"2,437.90",0.0004
6/15/2017,"2,432.50",0.0004
6/16/2017,"2,433.20",0.0004
6/19/2017,"2,453.50",0.0004
6/20/2017,"2,437.00",0.0004
6/21/2017,"2,435.60",0.0004
6/22/2017,"2,434.50",0.0004
6/23/2017,"2,438.30",0.0004
6/26/2017,"2,439.10",0.0004
6/27/2017,"2,419.40",0.0004
6/28/2017,"2,440.70",0.0004
6/29/2017,"2,419.70",0.0004
6/30/2017,"2,423.40",0.0004
7/3/2017,"2,429.00",0.0004
7/5/2017,"2,432.50",0.0004
7/6/2017,"2,409.80",0.0004
7/7/2017,"2,425.20",0.0004
7/10/2017,"2,427.40",0.0004
7/11/2017,"2,425.50",0.0004
7/12/2017,"2,443.20",0.0004
7/13/2017,"2,447.80",0.0004
7/14/2017,"2,459.30",0.0004
7/17/2017,"2,459.10",0.0004
7/18/2017,"2,460.60",0.0004
7/19/2017,"2,473.80",0.0004
7/20/2017,"2,473.40",0.0004
7/21/2017,"2,472.50",0.0004
7/24/2017,"2,469.90",0.0004
7/25/2017,"2,477.10",0.0004
7/26/2017,"2,477.80",0.0004
7/27/2017,"2,475.40",0.0004
7/28/2017,"2,472.10",0.0004
7/31/2017,"2,470.30",0.0004
8/1/2017,"2,476.30",0.0004
8/2/2017,"2,477.60",0.0004
8/3/2017,"2,472.20",0.0004
8/4/2017,"2,476.80",0.0004
8/7/2017,"2,480.90",0.0004
8/8/2017,"2,474.90",0.0004
8/9/2017,"2,474.00",0.0004
8/10/2017,"2,438.20",0.0004
8/11/2017,"2,441.30",0.0004
8/14/2017,"2,465.80",0.0004
8/15/2017,"2,464.60",0.0004
8/16/2017,"2,468.10",0.0004
8/17/2017,"2,430.00",0.0004
8/18/2017,"2,425.60",0.0004
8/21/2017,"2,428.40",0.0004
8/22/2017,"2,452.50",0.0004
8/23/2017,"2,444.00",0.0004
8/24/2017,"2,439.00",0.0004
8/25/2017,"2,443.10",0.0004
8/28/2017,"2,444.20",0.0004
8/29/2017,"2,446.30",0.0004
8/30/2017,"2,457.60",0.0004
8/31/2017,"2,471.70",0.0004
9/1/2017,"2,476.60",0.0004
9/5/2017,"2,457.80",0.0004
9/6/2017,"2,465.50",0.0004
9/7/2017,"2,465.10",0.0004
9/8/2017,"2,461.40",0.0004
9/11/2017,"2,488.10",0.0004
9/12/2017,"2,496.50",0.0004
9/13/2017,"2,498.40",0.0004
9/14/2017,"2,495.60",0.0004
9/15/2017,"2,500.20",0.0004
9/18/2017,"2,503.90",0.0004
9/19/2017,"2,506.70",0.0004
9/20/2017,"2,508.20",0.0004
9/21/2017,"2,500.60",0.0004
9/22/2017,"2,502.20",0.0004
9/25/2017,"2,496.70",0.0004
9/26/2017,"2,496.80",0.0004
9/27/2017,"2,507.00",0.0004
9/28/2017,"2,510.10",0.0004
9/29/2017,"2,519.40",0.0004
10/2/2017,"2,529.10",0.0004
10/3/2017,"2,534.60",0.0004
10/4/2017,"2,537.70",0.0004
10/5/2017,"2,552.10",0.0004
10/6/2017,"2,549.30",0.0004
10/9/2017,"2,544.70",0.0004
10/10/2017,"2,550.60",0.0004
10/11/2017,"2,555.20",0.0004
10/12/2017,"2,550.90",0.0004
10/13/2017,"2,553.20",0.0004
10/16/2017,"2,557.60",0.0004
10/17/2017,"2,559.40",0.0004
10/18/2017,"2,561.30",0.0004
10/19/2017,"2,562.10",0.0004
10/20/2017,"2,575.20",0.0004
10/23/2017,"2,565.00",0.0004
10/24/2017,"2,569.10",0.0004
10/25/2017,"2,557.20",0.0004
10/26/2017,"2,560.40",0.0004
10/27/2017,"2,581.10",0.0004
10/30/2017,"2,572.80",0.0004
10/31/2017,"2,575.30",0.0004
11/1/2017,"2,579.40",0.0004
11/2/2017,"2,579.80",0.0004
11/3/2017,"2,587.80",0.0004
11/6/2017,"2,591.10",0.0004
11/7/2017,"2,590.60",0.0004
11/8/2017,"2,594.40",0.0004
11/9/2017,"2,584.60",0.0004
11/10/2017,"2,582.30",0.0004
11/13/2017,"2,584.80",0.0004
11/14/2017,"2,578.90",0.0004
11/15/2017,"2,564.60",0.0004
11/16/2017,"2,585.60",0.0004
11/17/2017,"2,578.80",0.0004
11/20/2017,"2,582.10",0.0004
11/21/2017,"2,599.00",0.0004
11/22/2017,"2,597.10",0.0004
11/24/2017,"2,602.40",0.0004
11/27/2017,"2,601.40",0.0004
11/28/2017,"2,627.00",0.0004
11/29/2017,"2,626.10",0.0004
11/30/2017,"2,647.60",0.0004
12/1/2017,"2,642.20",0.0004
12/4/2017,"2,639.40",0.0004
12/5/2017,"2,629.60",0.0004
12/6/2017,"2,629.30",0.0004
12/7/2017,"2,637.00",0.0004
12/8/2017,"2,651.50",0.0004
12/11/2017,"2,660.00",0.0004
12/12/2017,"2,664.10",0.0004
12/13/2017,"2,662.80",0.0004
12/14/2017,"2,652.00",0.0004
12/15/2017,"2,675.80",0.0004
12/18/2017,"2,690.20",0.0004
12/19/2017,"2,681.50",0.0004
12/20/2017,"2,679.20",0.0004
12/21/2017,"2,684.60",0.0004
12/22/2017,"2,683.30",0.0004
12/26/2017,"2,680.50",0.0004
12/27/2017,"2,682.60",0.0004
12/28/2017,"2,687.50",0.0004
12/29/2017,"2,673.60",0.0004
1/2/2018,"2,695.80",0.0004
1/3/2018,"2,713.10",0.0004
1/4/2018,"2,724.00",0.0004
1/5/2018,"2,743.20",0.0004
1/8/2018,"2,747.70",0.0004
1/9/2018,"2,751.30",0.0004
1/10/2018,"2,748.20",0.0004
1/11/2018,"2,767.60",0.0004
1/12/2018,"2,786.20",0.0004
1/16/2018,"2,776.40",0.0004
1/17/2018,"2,802.60",0.0004
1/18/2018,"2,798.00",0.0004
1/19/2018,"2,810.30",0.0004
1/22/2018,"2,833.00",0.0004
1/23/2018,"2,839.10",0.0004
1/24/2018,"2,837.50",0.0004
1/25/2018,"2,839.20",0.0004
1/26/2018,"2,872.90",0.0003
1/29/2018,"2,853.50",0.0004
1/30/2018,"2,822.40",0.0004
1/31/2018,"2,823.80",0.0004
2/1/2018,"2,822.00",0.0004
2/2/2018,"2,762.10",0.0004
2/5/2018,"2,648.90",0.0004
2/6/2018,"2,695.10",0.0004
2/7/2018,"2,681.70",0.0004
2/8/2018,"2,581.00",0.0004
2/9/2018,"2,619.60",0.0004
2/12/2018,"2,656.00",0.0004
2/13/2018,"2,662.90",0.0004
2/14/2018,"2,698.60",0.0004
2/15/2018,"2,731.20",0.0004
2/16/2018,"2,732.20",0.0004
2/20/2018,"2,716.30",0.0004
2/21/2018,"2,701.30",0.0004
2/22/2018,"2,704.00",0.0004
2/23/2018,"2,747.30",0.0004
2/26/2018,"2,779.60",0.0004
2/27/2018,"2,744.30",0.0004
2/28/2018,"2,713.80",0.0004
3/1/2018,"2,677.70",0.0004
3/2/2018,"2,691.20",0.0004
3/5/2018,"2,720.90",0.0004
3/6/2018,"2,728.10",0.0004
3/7/2018,"2,726.80",0.0004
3/8/2018,"2,739.00",0.0004
3/9/2018,"2,786.60",0.0004
3/12/2018,"2,783.00",0.0004
3/13/2018,"2,765.30",0.0004
3/14/2018,"2,749.50",0.0004
3/15/2018,"2,747.30",0.0004
3/16/2018,"2,752.00",0.0004
3/19/2018,"2,712.90",0.0004
3/20/2018,"2,716.90",0.0004
3/21/2018,"2,711.90",0.0004
3/22/2018,"2,643.70",0.0004
3/23/2018,"2,588.30",0.0004
3/26/2018,"2,658.60",0.0004
3/27/2018,"2,612.60",0.0004
3/28/2018,"2,605.00",0.0004
3/29/2018,"2,640.90",0.0004
4/2/2018,"2,581.90",0.0004
4/3/2018,"2,614.40",0.0004
4/4/2018,"2,644.70",0.0004
4/5/2018,"2,662.80",0.0004
4/6/2018,"2,604.50",0.0004
4/9/2018,"2,613.20",0.0004
4/10/2018,"2,656.90",0.0004
4/11/2018,"2,642.20",0.0004
4/12/2018,"2,664.00",0.0004
4/13/2018,"2,656.30",0.0004
4/16/2018,"2,677.80",0.0004
4/17/2018,"2,706.40",0.0004
4/18/2018,"2,708.60",0.0004
4/19/2018,"2,693.10",0.0004
4/20/2018,"2,670.10",0.0004
4/23/2018,"2,670.30",0.0004
4/24/2018,"2,634.60",0.0004
4/25/2018,"2,639.40",0.0004
4/26/2018,"2,666.90",0.0004
4/27/2018,"2,669.90",0.0004
4/30/2018,"2,648.10",0.0004
5/1/2018,"2,654.80",0.0004
5/2/2018,"2,635.70",0.0004
5/3/2018,"2,629.70",0.0004
5/4/2018,"2,663.40",0.0004
5/7/2018,"2,672.60",0.0004
5/8/2018,"2,671.90",0.0004
5/9/2018,"2,697.80",0.0004
5/10/2018,"2,723.10",0.0004
5/11/2018,"2,727.70",0.0004
5/14/2018,"2,730.10",0.0004
5/15/2018,"2,711.40",0.0004
5/16/2018,"2,722.50",0.0004
5/17/2018,"2,720.10",0.0004
5/18/2018,"2,713.00",0.0004
5/21/2018,"2,733.00",0.0004
5/22/2018,"2,724.40",0.0004
5/23/2018,"2,733.30",0.0004
5/24/2018,"2,727.80",0.0004
5/25/2018,"2,721.30",0.0004
5/29/2018,"2,689.90",0.0004
5/30/2018,"2,724.00",0.0004
5/31/2018,"2,705.30",0.0004
6/1/2018,"2,734.60",0.0004
6/4/2018,"2,746.90",0.0004
6/5/2018,"2,748.80",0.0004
6/6/2018,"2,772.30",0.0004
6/7/2018,"2,770.40",0.0004
6/8/2018,"2,779.00",0.0004
6/11/2018,"2,782.00",0.0004
6/12/2018,"2,786.80",0.0004
6/13/2018,"2,775.60",0.0004
6/14/2018,"2,782.50",0.0004
6/15/2018,"2,779.70",0.0004
6/18/2018,"2,773.80",0.0004
6/19/2018,"2,762.60",0.0004
6/20/2018,"2,767.30",0.0004
6/21/2018,"2,749.80",0.0004
6/22/2018,"2,754.90",0.0004
6/25/2018,"2,717.10",0.0004
6/26/2018,"2,723.10",0.0004
6/27/2018,"2,699.60",0.0004
6/28/2018,"2,716.30",0.0004
6/29/2018,"2,718.40",0.0004
7/2/2018,"2,726.70",0.0004
7/3/2018,"2,713.20",0.0004
7/5/2018,"2,736.60",0.0004
7/6/2018,"2,759.80",0.0004
7/9/2018,"2,784.20",0.0004
7/10/2018,"2,793.80",0.0004
7/11/2018,"2,774.00",0.0004
7/12/2018,"2,798.30",0.0004
7/13/2018,"2,801.30",0.0004
7/16/2018,"2,798.40",0.0004
7/17/2018,"2,809.60",0.0004
7/18/2018,"2,815.60",0.0004
7/19/2018,"2,804.50",0.0004
7/20/2018,"2,801.80",0.0004
7/23/2018,"2,807.00",0.0004
7/24/2018,"2,820.40",0.0004
7/25/2018,"2,846.10",0.0004
7/26/2018,"2,837.40",0.0004
7/27/2018,"2,818.80",0.0004
7/30/2018,"2,802.60",0.0004
7/31/2018,"2,816.30",0.0004
8/1/2018,"2,813.40",0.0004
8/2/2018,"2,827.20",0.0004
8/3/2018,"2,840.30",0.0004
8/6/2018,"2,850.40",0.0004
8/7/2018,"2,858.40",0.0003
8/8/2018,"2,857.70",0.0003
8/9/2018,"2,853.60",0.0004
8/10/2018,"2,833.30",0.0004
8/13/2018,"2,821.90",0.0004
8/14/2018,"2,840.00",0.0004
8/15/2018,"2,818.40",0.0004
8/16/2018,"2,840.70",0.0004
8/17/2018,"2,850.10",0.0004
8/20/2018,"2,857.10",0.0004
8/21/2018,"2,863.00",0.0003
8/22/2018,"2,861.80",0.0003
8/23/2018,"2,857.00",0.0004
8/24/2018,"2,874.70",0.0003
8/27/2018,"2,896.70",0.0003
8/28/2018,"2,897.50",0.0003
8/29/2018,"2,914.00",0.0003
8/30/2018,"2,901.10",0.0003
8/31/2018,"2,901.50",0.0003
9/4/2018,"2,896.70",0.0003
9/5/2018,"2,888.60",0.0003
9/6/2018,"2,878.10",0.0003
9/7/2018,"2,871.70",0.0003
9/10/2018,"2,877.10",0.0003
9/11/2018,"2,887.90",0.0003
9/12/2018,"2,888.90",0.0003
9/13/2018,"2,904.20",0.0003
9/14/2018,"2,905.00",0.0003
9/17/2018,"2,888.80",0.0003
9/18/2018,"2,904.30",0.0003
9/19/2018,"2,907.90",0.0003
9/20/2018,"2,930.80",0.0003
9/21/2018,"2,929.70",0.0003
9/24/2018,"2,919.40",0.0003
9/25/2018,"2,915.60",0.0003
9/26/2018,"2,906.00",0.0003
9/27/2018,"2,914.00",0.0003
9/28/2018,"2,914.00",0.0003
10/1/2018,"2,924.60",0.0003
10/2/2018,"2,923.40",0.0003
10/3/2018,"2,925.50",0.0003
10/4/2018,"2,901.60",0.0003
10/5/2018,"2,885.60",0.0003
10/8/2018,"2,884.40",0.0003
10/9/2018,"2,880.30",0.0003
10/10/2018,"2,785.70",0.0004
10/11/2018,"2,728.40",0.0004
10/12/2018,"2,767.10",0.0004
10/15/2018,"2,750.80",0.0004
10/16/2018,"2,809.90",0.0004
10/17/2018,"2,809.20",0.0004
10/18/2018,"2,768.80",0.0004
10/19/2018,"2,767.80",0.0004
10/22/2018,"2,755.90",0.0004
10/23/2018,"2,740.70",0.0004
10/24/2018,"2,656.10",0.0004
10/25/2018,"2,705.60",0.0004
10/26/2018,"2,658.70",0.0004
10/29/2018,"2,641.20",0.0004
10/30/2018,"2,682.60",0.0004
10/31/2018,"2,711.70",0.0004
11/1/2018,"2,740.40",0.0004
11/2/2018,"2,723.10",0.0004
11/5/2018,"2,738.30",0.0004
11/6/2018,"2,755.40",0.0004
11/7/2018,"2,813.90",0.0004
11/8/2018,"2,806.80",0.0004
11/9/2018,"2,781.00",0.0004
11/12/2018,"2,726.20",0.0004
11/13/2018,"2,722.20",0.0004
11/14/2018,"2,701.60",0.0004
11/15/2018,"2,730.20",0.0004
11/16/2018,"2,736.30",0.0004
11/19/2018,"2,690.70",0.0004
11/20/2018,"2,641.90",0.0004
11/21/2018,"2,649.90",0.0004
11/23/2018,"2,632.60",0.0004
11/26/2018,"2,673.40",0.0004
11/27/2018,"2,682.20",0.0004
11/28/2018,"2,743.80",0.0004
11/29/2018,"2,737.80",0.0004
11/30/2018,"2,760.20",0.0004
12/3/2018,"2,790.40",0.0004
12/4/2018,"2,700.10",0.0004
12/6/2018,"2,695.90",0.0004
12/7/2018,"2,633.10",0.0004
12/10/2018,"2,637.70",0.0004
12/11/2018,"2,636.80",0.0004
12/12/2018,"2,651.10",0.0004
12/13/2018,"2,650.50",0.0004
12/14/2018,"2,599.90",0.0004
12/17/2018,"2,545.90",0.0004
12/18/2018,"2,546.20",0.0004
12/19/2018,"2,507.00",0.0004
12/20/2018,"2,467.40",0.0004
12/21/2018,"2,416.60",0.0004
12/24/2018,"2,351.10",0.0004
12/26/2018,"2,467.70",0.0004
12/27/2018,"2,488.80",0.0004
12/28/2018,"2,485.70",0.0004
12/31/2018,"2,506.80",0.0004
1/2/2019,"2,510.00",0.0004
1/3/2019,"2,447.90",0.0004
1/4/2019,"2,531.90",0.0004
1/7/2019,"2,549.70",0.0004
1/8/2019,"2,574.40",0.0004
1/9/2019,"2,585.00",0.0004
1/10/2019,"2,596.60",0.0004
1/11/2019,"2,596.30",0.0004
1/14/2019,"2,582.60",0.0004
1/15/2019,"2,610.30",0.0004
1/16/2019,"2,616.10",0.0004
1/17/2019,"2,636.00",0.0004
1/18/2019,"2,670.70",0.0004
1/22/2019,"2,632.90",0.0004
1/23/2019,"2,638.70",0.0004
1/24/2019,"2,642.30",0.0004
1/25/2019,"2,664.80",0.0004
1/28/2019,"2,643.80",0.0004
1/29/2019,"2,640.00",0.0004
1/30/2019,"2,681.10",0.0004
1/31/2019,"2,704.10",0.0004
2/1/2019,"2,706.50",0.0004
2/4/2019,"2,724.90",0.0004
2/5/2019,"2,737.70",0.0004
2/6/2019,"2,731.60",0.0004
2/7/2019,"2,706.10",0.0004
2/8/2019,"2,707.90",0.0004
2/11/2019,"2,709.80",0.0004
2/12/2019,"2,744.70",0.0004
2/13/2019,"2,753.00",0.0004
2/14/2019,"2,745.70",0.0004
2/15/2019,"2,775.60",0.0004
2/19/2019,"2,779.80",0.0004
2/20/2019,"2,784.70",0.0004
2/21/2019,"2,774.90",0.0004
2/22/2019,"2,792.70",0.0004
2/25/2019,"2,796.10",0.0004
2/26/2019,"2,793.90",0.0004
2/27/2019,"2,792.40",0.0004
2/28/2019,"2,784.50",0.0004
3/1/2019,"2,803.70",0.0004
3/4/2019,"2,792.80",0.0004
3/5/2019,"2,789.70",0.0004
3/6/2019,"2,771.40",0.0004
3/7/2019,"2,748.90",0.0004
3/8/2019,"2,743.10",0.0004
3/11/2019,"2,783.30",0.0004
3/12/2019,"2,791.50",0.0004
3/13/2019,"2,810.90",0.0004
3/14/2019,"2,808.50",0.0004
3/15/2019,"2,822.50",0.0004
3/18/2019,"2,832.90",0.0004
3/19/2019,"2,832.60",0.0004
3/20/2019,"2,824.20",0.0004
3/21/2019,"2,854.90",0.0004
3/22/2019,"2,800.70",0.0004
3/25/2019,"2,798.40",0.0004
3/26/2019,"2,818.50",0.0004
3/27/2019,"2,805.40",0.0004
3/28/2019,"2,815.40",0.0004
3/29/2019,"2,834.40",0.0004
4/1/2019,"2,867.20",0.0003
4/2/2019,"2,867.20",0.0003
4/3/2019,"2,873.40",0.0003
4/4/2019,"2,879.40",0.0003
4/5/2019,"2,892.70",0.0003
4/8/2019,"2,895.80",0.0003
4/9/2019,"2,878.20",0.0003
4/10/2019,"2,888.20",0.0003
4/11/2019,"2,888.30",0.0003
4/12/2019,"2,907.40",0.0003
4/15/2019,"2,905.60",0.0003
4/16/2019,"2,907.10",0.0003
4/17/2019,"2,900.40",0.0003
4/18/2019,"2,905.00",0.0003
4/22/2019,"2,908.00",0.0003
4/23/2019,"2,933.70",0.0003
4/24/2019,"2,927.20",0.0003
4/25/2019,"2,926.20",0.0003
4/26/2019,"2,939.90",0.0003
4/29/2019,"2,943.00",0.0003
4/30/2019,"2,945.80",0.0003
5/1/2019,"2,923.70",0.0003
5/2/2019,"2,917.50",0.0003
5/3/2019,"2,945.60",0.0003
5/6/2019,"2,932.50",0.0003
5/7/2019,"2,884.10",0.0003
5/8/2019,"2,879.40",0.0003
5/9/2019,"2,870.70",0.0003
5/10/2019,"2,881.40",0.0003
5/13/2019,"2,811.90",0.0004
5/14/2019,"2,834.40",0.0004
5/15/2019,"2,851.00",0.0004
5/16/2019,"2,876.30",0.0003
5/17/2019,"2,859.50",0.0003
5/20/2019,"2,840.20",0.0004
5/21/2019,"2,864.40",0.0003
5/22/2019,"2,856.30",0.0004
5/23/2019,"2,822.20",0.0004
5/24/2019,"2,826.10",0.0004
5/28/2019,"2,802.40",0.0004
5/29/2019,"2,783.00",0.0004
5/30/2019,"2,788.90",0.0004
5/31/2019,"2,752.10",0.0004
6/3/2019,"2,744.40",0.0004
6/4/2019,"2,803.30",0.0004
6/5/2019,"2,826.20",0.0004
6/6/2019,"2,843.50",0.0004
6/7/2019,"2,873.30",0.0003
6/10/2019,"2,886.70",0.0003
6/11/2019,"2,885.70",0.0003
6/12/2019,"2,879.80",0.0003
6/13/2019,"2,891.60",0.0003
6/14/2019,"2,887.00",0.0003
6/17/2019,"2,889.70",0.0003
6/18/2019,"2,917.80",0.0003
6/19/2019,"2,926.50",0.0003
6/20/2019,"2,954.20",0.0003
6/21/2019,"2,950.50",0.0003
6/24/2019,"2,945.30",0.0003
6/25/2019,"2,917.40",0.0003
6/26/2019,"2,913.80",0.0003
6/27/2019,"2,924.90",0.0003
6/28/2019,"2,941.80",0.0003
7/1/2019,"2,964.30",0.0003
7/2/2019,"2,973.00",0.0003
7/3/2019,"2,995.80",0.0003
7/5/2019,"2,990.40",0.0003
7/8/2019,"2,975.90",0.0003
7/9/2019,"2,979.60",0.0003
7/10/2019,"2,993.10",0.0003
7/11/2019,"2,999.90",0.0003
7/12/2019,"3,013.80",0.0003
7/15/2019,"3,014.30",0.0003
7/16/2019,"3,004.00",0.0003
7/17/2019,"2,984.40",0.0003
7/18/2019,"2,995.10",0.0003
7/19/2019,"2,976.60",0.0003
7/22/2019,"2,985.00",0.0003
7/23/2019,"3,005.50",0.0003
7/24/2019,"3,019.60",0.0003
7/25/2019,"3,003.70",0.0003
7/26/2019,"3,025.90",0.0003
7/29/2019,"3,021.00",0.0003
7/30/2019,"3,013.20",0.0003
7/31/2019,"2,980.40",0.0003
8/1/2019,"2,953.60",0.0003
8/2/2019,"2,932.10",0.0003
8/5/2019,"2,844.70",0.0004
8/6/2019,"2,881.80",0.0003
8/7/2019,"2,884.00",0.0003
8/8/2019,"2,938.10",0.0003
8/9/2019,"2,918.70",0.0003
8/12/2019,"2,883.80",0.0003
8/13/2019,"2,926.30",0.0003
8/14/2019,"2,840.60",0.0004
8/15/2019,"2,847.60",0.0004
8/16/2019,"2,888.70",0.0003
8/19/2019,"2,923.70",0.0003
8/20/2019,"2,900.50",0.0003
8/21/2019,"2,924.40",0.0003
8/22/2019,"2,922.90",0.0003
8/23/2019,"2,847.10",0.0004
8/26/2019,"2,878.40",0.0003
8/27/2019,"2,869.20",0.0003
8/28/2019,"2,887.90",0.0003
8/29/2019,"2,924.60",0.0003
8/30/2019,"2,926.50",0.0003
9/3/2019,"2,906.30",0.0003
9/4/2019,"2,937.80",0.0003
9/5/2019,"2,976.00",0.0003
9/6/2019,"2,978.70",0.0003
9/9/2019,"2,978.40",0.0003
9/10/2019,"2,979.40",0.0003
9/11/2019,"3,000.90",0.0003
9/12/2019,"3,009.60",0.0003
9/13/2019,"3,007.40",0.0003
9/16/2019,"2,998.00",0.0003
9/17/2019,"3,005.70",0.0003
9/18/2019,"3,006.70",0.0003
9/19/2019,"3,006.80",0.0003
9/20/2019,"2,992.10",0.0003
9/23/2019,"2,991.80",0.0003
9/24/2019,"2,966.60",0.0003
9/25/2019,"2,984.90",0.0003
9/26/2019,"2,977.60",0.0003
9/27/2019,"2,961.80",0.0003
9/30/2019,"2,976.70",0.0003
10/1/2019,"2,940.20",0.0003
10/2/2019,"2,887.60",0.0003
10/3/2019,"2,910.60",0.0003
10/4/2019,"2,952.00",0.0003
10/7/2019,"2,938.80",0.0003
10/8/2019,"2,893.10",0.0003
10/9/2019,"2,919.40",0.0003
10/10/2019,"2,938.10",0.0003
10/11/2019,"2,970.30",0.0003
10/14/2019,"2,966.20",0.0003
10/15/2019,"2,995.70",0.0003
10/16/2019,"2,989.70",0.0003
10/17/2019,"2,997.90",0.0003
10/18/2019,"2,986.20",0.0003
10/21/2019,"3,006.70",0.0003
10/22/2019,"2,996.00",0.0003
10/23/2019,"3,004.50",0.0003
10/24/2019,"3,010.30",0.0003
10/25/2019,"3,022.60",0.0003
10/28/2019,"3,039.40",0.0003
10/29/2019,"3,036.90",0.0003
10/30/2019,"3,046.80",0.0003
10/31/2019,"3,037.60",0.0003
11/1/2019,"3,066.90",0.0003
11/4/2019,"3,078.30",0.0003
11/5/2019,"3,074.60",0.0003
11/6/2019,"3,076.80",0.0003
11/7/2019,"3,085.20",0.0003
11/8/2019,"3,093.10",0.0003
11/11/2019,"3,087.00",0.0003
11/12/2019,"3,091.80",0.0003
11/13/2019,"3,094.00",0.0003
11/14/2019,"3,096.60",0.0003
11/15/2019,"3,120.50",0.0003
11/18/2019,"3,122.00",0.0003
11/19/2019,"3,120.20",0.0003
11/20/2019,"3,108.50",0.0003
11/21/2019,"3,103.50",0.0003
11/22/2019,"3,110.30",0.0003
11/25/2019,"3,133.60",0.0003
11/26/2019,"3,140.50",0.0003
11/27/2019,"3,153.60",0.0003
11/29/2019,"3,141.00",0.0003
12/2/2019,"3,113.90",0.0003
12/3/2019,"3,093.20",0.0003
12/4/2019,"3,112.80",0.0003
12/5/2019,"3,117.40",0.0003
12/6/2019,"3,145.90",0.0003
12/9/2019,"3,136.00",0.0003
12/10/2019,"3,132.50",0.0003
12/11/2019,"3,141.60",0.0003
12/12/2019,"3,168.60",0.0003
12/13/2019,"3,168.80",0.0003
12/16/2019,"3,191.40",0.0003
12/17/2019,"3,192.50",0.0003
12/18/2019,"3,191.10",0.0003
12/19/2019,"3,205.40",0.0003
12/20/2019,"3,221.20",0.0003
12/23/2019,"3,224.00",0.0003
12/24/2019,"3,223.40",0.0003
12/26/2019,"3,239.90",0.0003
12/27/2019,"3,240.00",0.0003
12/30/2019,"3,221.30",0.0003
12/31/2019,"3,230.80",0.0003
1/2/2020,"3,257.80",0.0003
1/3/2020,"3,234.80",0.0003
1/6/2020,"3,246.30",0.0003
1/7/2020,"3,237.20",0.0003
1/8/2020,"3,253.10",0.0003
1/9/2020,"3,274.70",0.0003
1/10/2020,"3,265.30",0.0003
1/13/2020,"3,288.10",0.0003
1/14/2020,"3,283.20",0.0003
1/15/2020,"3,289.30",0.0003
1/16/2020,"3,316.80",0.0003
1/17/2020,"3,329.60",0.0003
1/21/2020,"3,320.80",0.0003
1/22/2020,"3,321.80",0.0003
1/23/2020,"3,325.50",0.0003
1/24/2020,"3,295.50",0.0003
1/27/2020,"3,243.60",0.0003
1/28/2020,"3,276.20",0.0003
1/29/2020,"3,273.40",0.0003
1/30/2020,"3,283.70",0.0003
1/31/2020,"3,225.50",0.0003
2/3/2020,"3,248.90",0.0003
2/4/2020,"3,297.60",0.0003
2/5/2020,"3,334.70",0.0003
2/6/2020,"3,345.80",0.0003
2/7/2020,"3,327.70",0.0003
2/10/2020,"3,352.10",0.0003
2/11/2020,"3,357.80",0.0003
2/12/2020,"3,379.40",0.0003
2/13/2020,"3,373.90",0.0003
2/14/2020,"3,380.20",0.0003
2/18/2020,"3,370.30",0.0003
2/19/2020,"3,386.20",0.0003
2/20/2020,"3,373.20",0.0003
2/21/2020,"3,337.80",0.0003
2/24/2020,"3,225.90",0.0003
2/25/2020,"3,128.20",0.0003
2/26/2020,"3,116.40",0.0003
2/27/2020,"2,978.80",0.0003
2/28/2020,"2,954.20",0.0003
3/2/2020,"3,090.20",0.0003
3/3/2020,"3,003.40",0.0003
3/4/2020,"3,130.10",0.0003
3/5/2020,"3,023.90",0.0003
3/6/2020,"2,972.40",0.0003
3/9/2020,"2,746.60",0.0004
3/10/2020,"2,882.20",0.0003
3/11/2020,"2,741.40",0.0004
3/12/2020,"2,480.60",0.0004
3/13/2020,"2,711.00",0.0004
3/16/2020,"2,386.10",0.0004
3/17/2020,"2,529.20",0.0004
3/18/2020,"2,398.10",0.0004
3/19/2020,"2,409.40",0.0004
3/20/2020,"2,304.90",0.0004
3/23/2020,"2,237.40",0.0004
3/24/2020,"2,447.30",0.0004
3/25/2020,"2,475.60",0.0004
3/26/2020,"2,630.10",0.0004
3/27/2020,"2,541.50",0.0004
3/30/2020,"2,626.70",0.0004
3/31/2020,"2,584.60",0.0004
4/1/2020,"2,470.50",0.0004
4/2/2020,"2,526.90",0.0004
4/3/2020,"2,488.70",0.0004
4/6/2020,"2,663.70",0.0004
4/7/2020,"2,659.40",0.0004
4/8/2020,"2,750.00",0.0004
4/9/2020,"2,789.80",0.0004
4/13/2020,"2,761.60",0.0004
4/14/2020,"2,846.10",0.0004
4/15/2020,"2,783.40",0.0004
4/16/2020,"2,799.60",0.0004
4/17/2020,"2,874.60",0.0003
4/20/2020,"2,823.20",0.0004
4/21/2020,"2,736.60",0.0004
4/22/2020,"2,799.30",0.0004
4/23/2020,"2,797.80",0.0004
4/24/2020,"2,836.70",0.0004
4/27/2020,"2,878.50",0.0003
4/28/2020,"2,863.40",0.0003
4/29/2020,"2,939.50",0.0003
4/30/2020,"2,912.40",0.0003
5/1/2020,"2,830.70",0.0004
5/4/2020,"2,842.70",0.0004
5/5/2020,"2,868.40",0.0003
5/6/2020,"2,848.40",0.0004
5/7/2020,"2,881.20",0.0003
5/8/2020,"2,929.80",0.0003
5/11/2020,"2,930.30",0.0003
5/12/2020,"2,870.10",0.0003
5/13/2020,"2,820.00",0.0004
5/14/2020,"2,852.50",0.0004
5/15/2020,"2,863.70",0.0003
5/18/2020,"2,953.90",0.0003
5/19/2020,"2,922.90",0.0003
5/20/2020,"2,971.60",0.0003
5/21/2020,"2,948.50",0.0003
5/22/2020,"2,955.40",0.0003
5/26/2020,"2,991.80",0.0003
5/27/2020,"3,036.10",0.0003
5/28/2020,"3,029.70",0.0003
5/29/2020,"3,044.30",0.0003
6/1/2020,"3,055.70",0.0003
6/2/2020,"3,080.80",0.0003
6/3/2020,"3,122.90",0.0003
6/4/2020,"3,112.30",0.0003
6/5/2020,"3,193.90",0.0003
6/8/2020,"3,232.40",0.0003
6/9/2020,"3,207.20",0.0003
6/10/2020,"3,190.10",0.0003
6/11/2020,"3,002.10",0.0003
6/12/2020,"3,041.30",0.0003
6/15/2020,"3,066.60",0.0003
6/16/2020,"3,124.70",0.0003
6/17/2020,"3,113.50",0.0003
6/18/2020,"3,115.30",0.0003
6/19/2020,"3,097.70",0.0003
6/22/2020,"3,117.90",0.0003
6/23/2020,"3,131.30",0.0003
6/24/2020,"3,050.30",0.0003
6/25/2020,"3,083.80",0.0003
6/26/2020,"3,009.10",0.0003
6/29/2020,"3,053.20",0.0003
6/30/2020,"3,100.30",0.0003
7/1/2020,"3,115.90",0.0003
7/2/2020,"3,130.00",0.0003
7/6/2020,"3,179.70",0.0003
7/7/2020,"3,145.30",0.0003
7/8/2020,"3,169.90",0.0003
7/9/2020,"3,152.10",0.0003
7/10/2020,"3,185.00",0.0003
7/13/2020,"3,155.20",0.0003
7/14/2020,"3,197.50",0.0003
7/15/2020,"3,226.60",0.0003
7/16/2020,"3,215.60",0.0003
7/17/2020,"3,224.70",0.0003
7/20/2020,"3,251.80",0.0003
7/21/2020,"3,257.30",0.0003
7/22/2020,"3,276.00",0.0003
7/23/2020,"3,235.70",0.0003
7/24/2020,"3,215.60",0.0003
7/27/2020,"3,239.40",0.0003
7/28/2020,"3,218.40",0.0003
7/29/2020,"3,258.40",0.0003
7/30/2020,"3,246.20",0.0003
7/31/2020,"3,271.10",0.0003
8/3/2020,"3,294.60",0.0003
8/4/2020,"3,306.50",0.0003
8/5/2020,"3,327.80",0.0003
8/6/2020,"3,349.20",0.0003
8/7/2020,"3,351.30",0.0003
8/10/2020,"3,360.50",0.0003
8/11/2020,"3,333.70",0.0003
8/12/2020,"3,380.30",0.0003
8/13/2020,"3,373.40",0.0003
8/14/2020,"3,372.80",0.0003
8/17/2020,"3,382.00",0.0003
8/18/2020,"3,389.80",0.0003
8/19/2020,"3,374.80",0.0003
8/20/2020,"3,385.50",0.0003
8/21/2020,"3,397.20",0.0003
8/24/2020,"3,431.30",0.0003
8/25/2020,"3,443.60",0.0003
8/26/2020,"3,478.70",0.0003
8/27/2020,"3,484.60",0.0003
8/28/2020,"3,508.00",0.0003
8/31/2020,"3,500.30",0.0003
9/1/2020,"3,526.70",0.0003
9/2/2020,"3,580.80",0.0003
9/3/2020,"3,455.10",0.0003
9/4/2020,"3,427.00",0.0003
9/8/2020,"3,331.80",0.0003
9/9/2020,"3,399.00",0.0003
9/10/2020,"3,339.20",0.0003
9/11/2020,"3,341.00",0.0003
9/14/2020,"3,383.50",0.0003
9/15/2020,"3,401.20",0.0003
9/16/2020,"3,385.50",0.0003
9/17/2020,"3,357.00",0.0003
9/18/2020,"3,319.50",0.0003
9/21/2020,"3,281.10",0.0003
9/22/2020,"3,315.60",0.0003
9/23/2020,"3,236.90",0.0003
9/24/2020,"3,246.60",0.0003
9/25/2020,"3,298.50",0.0003
9/28/2020,"3,351.60",0.0003
9/29/2020,"3,335.50",0.0003
9/30/2020,"3,363.00",0.0003
10/1/2020,"3,380.80",0.0003
10/2/2020,"3,348.40",0.0003
10/5/2020,"3,408.60",0.0003
10/6/2020,"3,360.90",0.0003
10/7/2020,"3,419.40",0.0003
10/8/2020,"3,446.80",0.0003
10/9/2020,"3,477.10",0.0003
10/12/2020,"3,534.20",0.0003
10/13/2020,"3,511.90",0.0003
10/14/2020,"3,488.70",0.0003
10/15/2020,"3,483.30",0.0003
10/16/2020,"3,483.80",0.0003
10/19/2020,"3,426.90",0.0003
10/20/2020,"3,443.10",0.0003
10/21/2020,"3,435.60",0.0003
10/22/2020,"3,453.50",0.0003
10/23/2020,"3,465.40",0.0003
10/26/2020,"3,401.00",0.0003
10/27/2020,"3,390.70",0.0003
10/28/2020,"3,271.00",0.0003
10/29/2020,"3,310.10",0.0003
10/30/2020,"3,270.00",0.0003
11/2/2020,"3,310.20",0.0003
11/3/2020,"3,369.20",0.0003
11/4/2020,"3,443.40",0.0003
11/5/2020,"3,510.40",0.0003
11/6/2020,"3,509.40",0.0003
11/9/2020,"3,550.50",0.0003
11/10/2020,"3,545.50",0.0003
11/11/2020,"3,572.70",0.0003
11/12/2020,"3,537.00",0.0003
11/13/2020,"3,585.20",0.0003
11/16/2020,"3,626.90",0.0003
11/17/2020,"3,609.50",0.0003
11/18/2020,"3,567.80",0.0003
11/19/2020,"3,581.90",0.0003
11/20/2020,"3,557.50",0.0003
11/23/2020,"3,577.60",0.0003
11/24/2020,"3,635.40",0.0003
11/25/2020,"3,629.70",0.0003
11/27/2020,"3,638.30",0.0003
11/30/2020,"3,621.60",0.0003
12/1/2020,"3,662.40",0.0003
12/2/2020,"3,669.00",0.0003
12/3/2020,"3,666.70",0.0003
12/4/2020,"3,699.10",0.0003
12/7/2020,"3,692.00",0.0003
12/8/2020,"3,702.20",0.0003
12/9/2020,"3,672.80",0.0003
12/10/2020,"3,668.10",0.0003
12/11/2020,"3,663.50",0.0003
12/14/2020,"3,647.50",0.0003
12/15/2020,"3,694.60",0.0003
12/16/2020,"3,701.20",0.0003
12/17/2020,"3,722.50",0.0003
12/18/2020,"3,709.40",0.0003
12/21/2020,"3,694.90",0.0003
12/22/2020,"3,687.30",0.0003
12/23/2020,"3,690.00",0.0003
12/24/2020,"3,703.10",0.0003
12/28/2020,"3,735.40",0.0003
12/29/2020,"3,727.00",0.0003
12/30/2020,"3,732.00",0.0003
12/31/2020,"3,756.10",0.0003
1/4/2021,"3,700.70",0.0003
1/5/2021,"3,726.90",0.0003
1/6/2021,"3,748.10",0.0003
1/7/2021,"3,803.80",0.0003
1/8/2021,"3,824.70",0.0003
1/11/2021,"3,799.60",0.0003
1/12/2021,"3,801.20",0.0003
1/13/2021,"3,809.80",0.0003
1/14/2021,"3,795.50",0.0003
1/15/2021,"3,768.20",0.0003
1/19/2021,"3,798.90",0.0003
1/20/2021,"3,851.80",0.0003
1/21/2021,"3,853.10",0.0003
1/22/2021,"3,841.50",0.0003
1/25/2021,"3,855.40",0.0003
1/26/2021,"3,849.60",0.0003
1/27/2021,"3,750.80",0.0003
1/28/2021,"3,787.40",0.0003
1/29/2021,"3,714.20",0.0003
2/1/2021,"3,773.90",0.0003
2/2/2021,"3,826.30",0.0003
2/3/2021,"3,830.20",0.0003
2/4/2021,"3,871.70",0.0003
2/5/2021,"3,886.80",0.0003
2/8/2021,"3,915.60",0.0003
2/9/2021,"3,911.20",0.0003
2/10/2021,"3,909.90",0.0003
2/11/2021,"3,916.40",0.0003
2/12/2021,"3,934.80",0.0003
2/16/2021,"3,932.60",0.0003
2/17/2021,"3,931.30",0.0003
2/18/2021,"3,914.00",0.0003
2/19/2021,"3,906.70",0.0003
2/22/2021,"3,876.50",0.0003
2/23/2021,"3,881.40",0.0003
2/24/2021,"3,925.40",0.0003
2/25/2021,"3,829.30",0.0003
2/26/2021,"3,811.20",0.0003
3/1/2021,"3,901.80",0.0003
3/2/2021,"3,870.30",0.0003
3/3/2021,"3,819.70",0.0003
3/4/2021,"3,768.50",0.0003
3/5/2021,"3,841.90",0.0003
3/8/2021,"3,821.30",0.0003
3/9/2021,"3,875.40",0.0003
3/10/2021,"3,898.80",0.0003
3/11/2021,"3,939.30",0.0003
3/12/2021,"3,943.30",0.0003
3/15/2021,"3,968.90",0.0003
3/16/2021,"3,962.70",0.0003
3/17/2021,"3,974.10",0.0003
3/18/2021,"3,915.50",0.0003
3/19/2021,"3,913.10",0.0003
3/22/2021,"3,940.60",0.0003
3/23/2021,"3,910.50",0.0003
3/24/2021,"3,889.10",0.0003
3/25/2021,"3,909.50",0.0003
3/26/2021,"3,974.50",0.0003
3/29/2021,"3,971.10",0.0003
3/30/2021,"3,958.60",0.0003
3/31/2021,"3,972.90",0.0003
4/1/2021,"4,019.90",0.0002
4/5/2021,"4,077.90",0.0002
4/6/2021,"4,073.90",0.0002
4/7/2021,"4,079.90",0.0002
4/8/2021,"4,097.20",0.0002
4/9/2021,"4,128.80",0.0002
4/12/2021,"4,128.00",0.0002
4/13/2021,"4,141.60",0.0002
4/14/2021,"4,124.70",0.0002
4/15/2021,"4,170.40",0.0002
4/16/2021,"4,185.50",0.0002
4/19/2021,"4,163.30",0.0002
4/20/2021,"4,134.90",0.0002
4/21/2021,"4,173.40",0.0002
4/22/2021,"4,135.00",0.0002
4/23/2021,"4,180.20",0.0002
4/26/2021,"4,187.60",0.0002
4/27/2021,"4,186.70",0.0002
4/28/2021,"4,183.20",0.0002
4/29/2021,"4,211.50",0.0002
4/30/2021,"4,181.20",0.0002
5/3/2021,"4,192.70",0.0002
5/4/2021,"4,164.70",0.0002
5/5/2021,"4,167.60",0.0002
5/6/2021,"4,201.60",0.0002
5/7/2021,"4,232.60",0.0002
5/10/2021,"4,188.40",0.0002
5/11/2021,"4,152.10",0.0002
5/12/2021,"4,063.00",0.0002
5/13/2021,"4,112.50",0.0002
5/14/2021,"4,173.90",0.0002
5/17/2021,"4,163.30",0.0002
5/18/2021,"4,127.80",0.0002
5/19/2021,"4,115.70",0.0002
5/20/2021,"4,159.10",0.0002
5/21/2021,"4,155.90",0.0002
5/24/2021,"4,197.10",0.0002
5/25/2021,"4,188.10",0.0002
5/26/2021,"4,196.00",0.0002
5/27/2021,"4,200.90",0.0002
5/28/2021,"4,204.10",0.0002
6/1/2021,"4,202.00",0.0002
6/2/2021,"4,208.10",0.0002
6/3/2021,"4,192.90",0.0002
6/4/2021,"4,229.90",0.0002
6/7/2021,"4,226.50",0.0002
6/8/2021,"4,227.30",0.0002
6/9/2021,"4,219.60",0.0002
6/10/2021,"4,239.20",0.0002
6/11/2021,"4,247.40",0.0002
6/14/2021,"4,255.10",0.0002
6/15/2021,"4,246.60",0.0002
6/16/2021,"4,223.70",0.0002
6/17/2021,"4,221.90",0.0002
6/18/2021,"4,166.40",0.0002
6/21/2021,"4,224.80",0.0002
6/22/2021,"4,246.40",0.0002
6/23/2021,"4,241.80",0.0002
6/24/2021,"4,266.50",0.0002
6/25/2021,"4,280.70",0.0002
6/28/2021,"4,290.60",0.0002
6/29/2021,"4,291.80",0.0002
6/30/2021,"4,297.50",0.0002
7/1/2021,"4,319.90",0.0002
7/2/2021,"4,352.30",0.0002
7/6/2021,"4,343.50",0.0002
7/7/2021,"4,358.10",0.0002
7/8/2021,"4,320.80",0.0002
7/9/2021,"4,369.60",0.0002
7/12/2021,"4,384.60",0.0002
7/13/2021,"4,369.20",0.0002
7/14/2021,"4,374.30",0.0002
7/15/2021,"4,360.00",0.0002
7/16/2021,"4,327.20",0.0002
7/19/2021,"4,258.50",0.0002
7/20/2021,"4,323.10",0.0002
7/21/2021,"4,358.70",0.0002
7/22/2021,"4,367.50",0.0002
7/23/2021,"4,411.80",0.0002
7/26/2021,"4,422.30",0.0002
7/27/2021,"4,401.50",0.0002
7/28/2021,"4,400.60",0.0002
7/29/2021,"4,419.10",0.0002
7/30/2021,"4,395.30",0.0002
8/2/2021,"4,387.20",0.0002
8/3/2021,"4,423.10",0.0002
8/4/2021,"4,402.70",0.0002
8/5/2021,"4,429.10",0.0002
8/6/2021,"4,436.50",0.0002
8/9/2021,"4,432.40",0.0002
8/10/2021,"4,436.80",0.0002
8/11/2021,"4,447.70",0.0002
8/12/2021,"4,460.80",0.0002
8/13/2021,"4,468.00",0.0002
8/16/2021,"4,479.70",0.0002
8/17/2021,"4,448.10",0.0002
8/18/2021,"4,400.30",0.0002
8/19/2021,"4,405.80",0.0002
8/20/2021,"4,441.70",0.0002
8/23/2021,"4,479.50",0.0002
8/24/2021,"4,486.20",0.0002
8/25/2021,"4,496.20",0.0002
8/26/2021,"4,470.00",0.0002
8/27/2021,"4,509.40",0.0002
8/30/2021,"4,528.80",0.0002
8/31/2021,"4,522.70",0.0002
9/1/2021,"4,524.10",0.0002
9/2/2021,"4,536.90",0.0002
9/3/2021,"4,535.40",0.0002
9/7/2021,"4,520.00",0.0002
9/8/2021,"4,514.10",0.0002
9/9/2021,"4,493.30",0.0002
9/10/2021,"4,458.60",0.0002
9/13/2021,"4,468.70",0.0002
9/14/2021,"4,443.10",0.0002
9/15/2021,"4,480.70",0.0002
9/16/2021,"4,473.80",0.0002
9/17/2021,"4,433.00",0.0002
9/20/2021,"4,357.70",0.0002
9/21/2021,"4,354.20",0.0002
9/22/2021,"4,395.60",0.0002
9/23/2021,"4,449.00",0.0002
9/24/2021,"4,455.50",0.0002
9/27/2021,"4,443.10",0.0002
9/28/2021,"4,352.60",0.0002
9/29/2021,"4,359.50",0.0002
9/30/2021,"4,307.50",0.0002
10/1/2021,"4,357.00",0.0002
10/4/2021,"4,300.50",0.0002
10/5/2021,"4,345.70",0.0002
10/6/2021,"4,363.60",0.0002
10/7/2021,"4,399.80",0.0002
10/8/2021,"4,391.30",0.0002
10/11/2021,"4,361.20",0.0002
10/12/2021,"4,350.60",0.0002
10/13/2021,"4,363.80",0.0002
10/14/2021,"4,438.30",0.0002
10/15/2021,"4,471.40",0.0002
10/18/2021,"4,486.50",0.0002
10/19/2021,"4,519.60",0.0002
10/20/2021,"4,536.20",0.0002
10/21/2021,"4,549.80",0.0002
10/22/2021,"4,544.90",0.0002
10/25/2021,"4,566.50",0.0002
10/26/2021,"4,574.80",0.0002
10/27/2021,"4,551.70",0.0002
10/28/2021,"4,596.40",0.0002
10/29/2021,"4,605.40",0.0002
11/1/2021,"4,613.70",0.0002
11/2/2021,"4,630.60",0.0002
11/3/2021,"4,660.60",0.0002
11/4/2021,"4,680.10",0.0002
11/5/2021,"4,697.50",0.0002
11/8/2021,"4,701.70",0.0002
11/9/2021,"4,685.20",0.0002
11/10/2021,"4,646.70",0.0002
11/11/2021,"4,649.30",0.0002
11/12/2021,"4,682.90",0.0002
11/15/2021,"4,682.80",0.0002
11/16/2021,"4,700.90",0.0002
11/17/2021,"4,688.70",0.0002
11/18/2021,"4,704.50",0.0002
11/19/2021,"4,698.00",0.0002
11/22/2021,"4,682.90",0.0002
11/23/2021,"4,690.70",0.0002
11/24/2021,"4,701.50",0.0002
11/26/2021,"4,594.60",0.0002
11/29/2021,"4,655.30",0.0002
11/30/2021,"4,567.00",0.0002
12/1/2021,"4,513.00",0.0002
12/2/2021,"4,577.10",0.0002
12/3/2021,"4,538.40",0.0002
12/6/2021,"4,591.70",0.0002
12/7/2021,"4,686.80",0.0002
12/8/2021,"4,701.20",0.0002
12/9/2021,"4,667.40",0.0002
12/10/2021,"4,712.00",0.0002
12/13/2021,"4,669.00",0.0002
12/14/2021,"4,634.10",0.0002
12/15/2021,"4,709.90",0.0002
12/16/2021,"4,668.70",0.0002
12/17/2021,"4,620.60",0.0002
12/20/2021,"4,568.00",0.0002
12/21/2021,"4,649.20",0.0002
12/22/2021,"4,696.60",0.0002
12/23/2021,"4,725.80",0.0002
12/27/2021,"4,791.20",0.0002
12/28/2021,"4,786.40",0.0002
12/29/2021,"4,793.10",0.0002
12/30/2021,"4,778.70",0.0002
12/31/2021,"4,766.20",0.0002
1/3/2022,"4,796.60",0.0002
1/4/2022,"4,793.50",0.0002
1/5/2022,"4,700.60",0.0002
1/6/2022,"4,696.10",0.0002
1/7/2022,"4,677.00",0.0002
1/10/2022,"4,670.30",0.0002
1/11/2022,"4,713.10",0.0002
1/12/2022,"4,726.40",0.0002
1/13/2022,"4,659.00",0.0002
1/14/2022,"4,662.90",0.0002
1/18/2022,"4,577.10",0.0002
1/19/2022,"4,532.80",0.0002
1/20/2022,"4,482.70",0.0002
1/21/2022,"4,397.90",0.0002
1/24/2022,"4,410.10",0.0002
1/25/2022,"4,356.40",0.0002
1/26/2022,"4,349.90",0.0002
1/27/2022,"4,326.50",0.0002
1/28/2022,"4,431.90",0.0002
1/31/2022,"4,515.60",0.0002
2/1/2022,"4,546.50",0.0002
2/2/2022,"4,589.40",0.0002
2/3/2022,"4,477.40",0.0002
2/4/2022,"4,500.50",0.0002
2/7/2022,"4,483.90",0.0002
2/8/2022,"4,521.50",0.0002
2/9/2022,"4,587.20",0.0002
2/10/2022,"4,504.10",0.0002
2/11/2022,"4,418.64",0.0002
2/14/2022,"4,401.67",0.0002
2/15/2022,"4,471.07",0.0002
2/16/2022,"4,475.01",0.0002
2/17/2022,"4,380.26",0.0002
2/18/2022,"4,348.87",0.0002
2/22/2022,"4,304.76",0.0002
2/23/2022,"4,225.50",0.0002
2/24/2022,"4,288.70",0.0002
2/25/2022,"4,384.65",0.0002
2/28/2022,"4,373.94",0.0002
3/1/2022,"4,306.26",0.0002
3/2/2022,"4,386.54",0.0002
3/3/2022,"4,363.49",0.0002
3/4/2022,"4,328.87",0.0002
3/7/2022,"4,201.09",0.0002
3/8/2022,"4,170.70",0.0002
3/9/2022,"4,277.88",0.0002
3/10/2022,"4,259.52",0.0002
3/11/2022,"4,204.31",0.0002
3/14/2022,"4,173.11",0.0002
3/15/2022,"4,262.45",0.0002
3/16/2022,"4,357.86",0.0002
3/17/2022,"4,411.67",0.0002
3/18/2022,"4,463.12",0.0002
3/21/2022,"4,461.18",0.0002
3/22/2022,"4,511.61",0.0002
3/23/2022,"4,456.24",0.0002
3/24/2022,"4,520.16",0.0002
3/25/2022,"4,543.06",0.0002
3/28/2022,"4,575.52",0.0002
3/29/2022,"4,631.60",0.0002
3/30/2022,"4,602.45",0.0002
3/31/2022,"4,530.41",0.0002
4/1/2022,"4,545.86",0.0002
4/4/2022,"4,582.64",0.0002
4/5/2022,"4,525.12",0.0002
4/6/2022,"4,481.15",0.0002
4/7/2022,"4,500.21",0.0002
4/8/2022,"4,488.28",0.0002
4/11/2022,"4,412.53",0.0002
4/12/2022,"4,397.45",0.0002
4/13/2022,"4,446.59",0.0002
4/14/2022,"4,392.59",0.0002
4/18/2022,"4,391.69",0.0002
4/19/2022,"4,462.21",0.0002
4/20/2022,"4,459.45",0.0002
4/21/2022,"4,393.66",0.0002
4/22/2022,"4,271.78",0.0002
4/25/2022,"4,296.12",0.0002
4/26/2022,"4,175.20",0.0002
4/27/2022,"4,183.96",0.0002
4/28/2022,"4,287.50",0.0002
4/29/2022,"4,131.93",0.0002
5/2/2022,"4,155.38",0.0002
5/3/2022,"4,175.48",0.0002
5/4/2022,"4,300.17",0.0002
5/5/2022,"4,146.87",0.0002
5/6/2022,"4,123.34",0.0002
5/9/2022,"3,991.24",0.0003
5/10/2022,"4,001.05",0.0002
5/11/2022,"3,935.18",0.0003
5/12/2022,"3,930.08",0.0003
5/13/2022,"4,023.89",0.0002
5/16/2022,"4,008.01",0.0002
5/17/2022,"4,088.85",0.0002
5/18/2022,"3,923.68",0.0003
5/19/2022,"3,900.79",0.0003
5/20/2022,"3,901.36",0.0003
5/23/2022,"3,973.75",0.0003
5/24/2022,"3,941.48",0.0003
5/25/2022,"3,978.73",0.0003
5/26/2022,"4,057.84",0.0002
5/27/2022,"4,158.24",0.0002
5/31/2022,"4,132.15",0.0002
6/1/2022,"4,101.23",0.0002
6/2/2022,"4,176.82",0.0002
6/3/2022,"4,108.54",0.0002
6/6/2022,"4,121.43",0.0002
6/7/2022,"4,160.68",0.0002
6/8/2022,"4,115.77",0.0002
6/9/2022,"4,017.82",0.0002
6/10/2022,"3,900.86",0.0003
6/13/2022,"3,749.63",0.0003
6/14/2022,"3,735.48",0.0003
6/15/2022,"3,789.99",0.0003
6/16/2022,"3,666.77",0.0003
6/17/2022,"3,674.84",0.0003
6/21/2022,"3,764.79",0.0003
6/22/2022,"3,759.89",0.0003
6/23/2022,"3,795.73",0.0003
6/24/2022,"3,911.74",0.0003
6/27/2022,"3,900.11",0.0003
6/28/2022,"3,821.55",0.0003
6/29/2022,"3,818.83",0.0003
6/30/2022,"3,785.38",0.0003
7/1/2022,"3,825.33",0.0003
7/5/2022,"3,831.39",0.0003
7/6/2022,"3,845.08",0.0003
7/7/2022,"3,902.62",0.0003
7/8/2022,"3,899.38",0.0003
7/11/2022,"3,854.43",0.0003
7/12/2022,"3,818.80",0.0003
7/13/2022,"3,801.78",0.0003
7/14/2022,"3,790.38",0.0003
7/15/2022,"3,863.16",0.0003
7/18/2022,"3,830.85",0.0003
7/19/2022,"3,936.69",0.0003
7/20/2022,"3,959.90",0.0003
7/21/2022,"3,998.95",0.0003
7/22/2022,"3,961.63",0.0003
7/25/2022,"3,966.84",0.0003
7/26/2022,"3,921.05",0.0003
7/27/2022,"4,023.61",0.0002
7/28/2022,"4,072.43",0.0002
7/29/2022,"4,130.29",0.0002
8/1/2022,"4,118.63",0.0002
8/2/2022,"4,091.19",0.0002
8/3/2022,"4,155.17",0.0002
8/4/2022,"4,151.94",0.0002
8/5/2022,"4,145.19",0.0002
8/8/2022,"4,140.06",0.0002
8/9/2022,"4,122.47",0.0002
8/10/2022,"4,210.24",0.0002
8/11/2022,"4,207.27",0.0002
8/12/2022,"4,280.15",0.0002
8/15/2022,"4,297.14",0.0002
8/16/2022,"4,305.20",0.0002
8/17/2022,"4,274.04",0.0002
8/18/2022,"4,283.74",0.0002
8/19/2022,"4,228.48",0.0002
8/22/2022,"4,137.99",0.0002
8/23/2022,"4,128.73",0.0002
8/24/2022,"4,140.77",0.0002
8/25/2022,"4,199.12",0.0002
8/26/2022,"4,057.66",0.0002
8/29/2022,"4,030.61",0.0002
8/30/2022,"3,986.16",0.0003
8/31/2022,"3,955.00",0.0003
9/1/2022,"3,966.85",0.0003
9/2/2022,"3,924.26",0.0003
9/6/2022,"3,908.19",0.0003
9/7/2022,"3,979.87",0.0003
9/8/2022,"4,006.18",0.0002
9/9/2022,"4,067.36",0.0002
9/12/2022,"4,110.41",0.0002
9/13/2022,"3,932.69",0.0003
9/14/2022,"3,946.01",0.0003
9/15/2022,"3,901.35",0.0003
9/16/2022,"3,873.33",0.0003
9/19/2022,"3,899.89",0.0003
9/20/2022,"3,855.93",0.0003
9/21/2022,"3,789.93",0.0003
9/22/2022,"3,757.99",0.0003
9/23/2022,"3,693.23",0.0003
9/26/2022,"3,655.04",0.0003
9/27/2022,"3,647.29",0.0003
9/28/2022,"3,719.04",0.0003
9/29/2022,"3,640.47",0.0003
9/30/2022,"3,585.62",0.0003
10/3/2022,"3,678.43",0.0003
10/4/2022,"3,790.93",0.0003
10/5/2022,"3,783.28",0.0003
10/6/2022,"3,744.52",0.0003
10/7/2022,"3,639.66",0.0003
10/10/2022,"3,612.39",0.0003
10/11/2022,"3,588.84",0.0003
10/12/2022,"3,577.03",0.0003
10/13/2022,"3,669.91",0.0003
10/14/2022,"3,583.07",0.0003
10/17/2022,"3,677.95",0.0003
10/18/2022,"3,719.98",0.0003
10/19/2022,"3,695.16",0.0003
10/20/2022,"3,665.78",0.0003
10/21/2022,"3,752.75",0.0003
10/24/2022,"3,797.34",0.0003
10/25/2022,"3,859.11",0.0003
10/26/2022,"3,830.60",0.0003
10/27/2022,"3,807.30",0.0003
10/28/2022,"3,901.06",0.0003
10/31/2022,"3,871.98",0.0003
11/1/2022,"3,856.10",0.0003
11/2/2022,"3,759.69",0.0003
11/3/2022,"3,719.89",0.0003
11/4/2022,"3,770.55",0.0003
11/7/2022,"3,806.80",0.0003
11/8/2022,"3,828.11",0.0003
11/9/2022,"3,748.57",0.0003
11/10/2022,"3,956.37",0.0003
11/11/2022,"3,992.93",0.0003
11/14/2022,"3,957.25",0.0003
11/15/2022,"3,991.73",0.0003
11/16/2022,"3,958.79",0.0003
11/17/2022,"3,946.56",0.0003
11/18/2022,"3,965.34",0.0003
11/21/2022,"3,949.94",0.0003
11/22/2022,"4,003.58",0.0002
11/23/2022,"4,027.26",0.0002
11/25/2022,"4,026.12",0.0002
11/28/2022,"3,963.94",0.0003
11/29/2022,"3,957.63",0.0003
11/30/2022,"4,080.11",0.0002
12/1/2022,"4,076.57",0.0002
12/2/2022,"4,071.70",0.0002
12/5/2022,"3,998.84",0.0003
12/6/2022,"3,941.26",0.0003
12/7/2022,"3,933.92",0.0003
12/8/2022,"3,963.51",0.0003
12/9/2022,"3,934.38",0.0003
12/12/2022,"3,990.56",0.0003
12/13/2022,"4,019.65",0.0002
12/14/2022,"3,995.32",0.0003
12/15/2022,"3,895.75",0.0003
12/16/2022,"3,852.36",0.0003
12/19/2022,"3,817.66",0.0003
12/20/2022,"3,821.62",0.0003
12/21/2022,"3,878.44",0.0003
12/22/2022,"3,822.39",0.0003
12/23/2022,"3,844.82",0.0003
12/27/2022,"3,829.25",0.0003
12/28/2022,"3,783.22",0.0003
12/29/2022,"3,849.28",0.0003
12/30/2022,"3,839.50",0.0003
1/3/2023,"3,824.14",0.0003
1/4/2023,"3,852.97",0.0003
1/5/2023,"3,808.10",0.0003
1/6/2023,"3,895.08",0.0003
1/9/2023,"3,892.09",0.0003
1/10/2023,"3,919.25",0.0003
1/11/2023,"3,969.61",0.0003
1/12/2023,"3,983.17",0.0003
1/13/2023,"3,999.09",0.0003
1/17/2023,"3,990.97",0.0003
1/18/2023,"3,928.86",0.0003
1/19/2023,"3,898.85",0.0003
1/20/2023,"3,972.61",0.0003
1/23/2023,"4,019.81",0.0002
1/24/2023,"4,016.95",0.0002
1/25/2023,"4,016.22",0.0002
1/26/2023,"4,060.43",0.0002
1/27/2023,"4,070.56",0.0002
1/30/2023,"4,017.77",0.0002
1/31/2023,"4,076.60",0.0002
2/1/2023,"4,119.21",0.0002
2/2/2023,"4,179.76",0.0002
2/3/2023,"4,136.48",0.0002
2/6/2023,"4,111.08",0.0002
2/7/2023,"4,164.00",0.0002
2/8/2023,"4,117.86",0.0002
2/9/2023,"4,081.50",0.0002
2/10/2023,"4,090.46",0.0002
2/13/2023,"4,137.29",0.0002
2/14/2023,"4,136.13",0.0002
2/15/2023,"4,147.60",0.0002
2/16/2023,"4,090.41",0.0002
2/17/2023,"4,079.09",0.0002
2/21/2023,"3,997.34",0.0003
2/22/2023,"3,991.05",0.0003
2/23/2023,"4,012.32",0.0002
2/24/2023,"3,970.04",0.0003
2/27/2023,"3,982.24",0.0003
2/28/2023,"3,970.15",0.0003
3/1/2023,"3,951.39",0.0003
3/2/2023,"3,981.35",0.0003
3/3/2023,"4,045.64",0.0002
3/6/2023,"4,048.42",0.0002
3/7/2023,"3,986.37",0.0003
3/8/2023,"3,992.01",0.0003
3/9/2023,"3,918.32",0.0003
3/10/2023,"3,861.59",0.0003
3/13/2023,"3,855.76",0.0003
3/14/2023,"3,919.29",0.0003
3/15/2023,"3,891.93",0.0003
3/16/2023,"3,960.28",0.0003
3/17/2023,"3,916.64",0.0003
3/20/2023,"3,951.57",0.0003
3/21/2023,"4,002.87",0.0002
3/22/2023,"3,936.97",0.0003
3/23/2023,"3,948.72",0.0003
3/24/2023,"3,970.99",0.0003
3/27/2023,"3,977.53",0.0003
3/28/2023,"3,971.27",0.0003
3/29/2023,"4,027.81",0.0002
3/30/2023,"4,050.83",0.0002
3/31/2023,"4,109.31",0.0002
4/3/2023,"4,124.51",0.0002
4/4/2023,"4,100.60",0.0002
4/5/2023,"4,090.38",0.0002
4/6/2023,"4,105.02",0.0002
4/10/2023,"4,109.11",0.0002
4/11/2023,"4,108.94",0.0002
4/12/2023,"4,091.95",0.0002
4/13/2023,"4,146.22",0.0002
4/14/2023,"4,137.64",0.0002
4/17/2023,"4,151.32",0.0002
4/18/2023,"4,154.87",0.0002
4/19/2023,"4,154.52",0.0002
4/20/2023,"4,129.79",0.0002
4/21/2023,"4,133.52",0.0002
4/24/2023,"4,137.04",0.0002
4/25/2023,"4,071.63",0.0002
4/26/2023,"4,055.99",0.0002
4/27/2023,"4,135.35",0.0002
4/28/2023,"4,169.48",0.0002
5/1/2023,"4,167.87",0.0002
5/2/2023,"4,119.58",0.0002
5/3/2023,"4,090.75",0.0002
5/4/2023,"4,061.22",0.0002
5/5/2023,"4,136.25",0.0002
5/8/2023,"4,138.12",0.0002
5/9/2023,"4,119.17",0.0002
5/10/2023,"4,137.64",0.0002
5/11/2023,"4,130.62",0.0002
5/12/2023,"4,124.08",0.0002
5/15/2023,"4,136.28",0.0002
5/16/2023,"4,109.90",0.0002
5/17/2023,"4,158.77",0.0002
5/18/2023,"4,198.05",0.0002
5/19/2023,"4,191.98",0.0002
5/22/2023,"4,192.63",0.0002
5/23/2023,"4,145.58",0.0002
5/24/2023,"4,115.24",0.0002
5/25/2023,"4,151.28",0.0002
5/26/2023,"4,205.45",0.0002
5/30/2023,"4,205.52",0.0002
5/31/2023,"4,179.83",0.0002
6/1/2023,"4,221.02",0.0002
6/2/2023,"4,282.37",0.0002
6/5/2023,"4,273.79",0.0002
6/6/2023,"4,283.85",0.0002
6/7/2023,"4,267.52",0.0002
6/8/2023,"4,293.93",0.0002
6/9/2023,"4,298.86",0.0002
6/12/2023,"4,338.93",0.0002
6/13/2023,"4,369.01",0.0002
6/14/2023,"4,372.59",0.0002
6/15/2023,"4,425.84",0.0002
6/16/2023,"4,409.59",0.0002
6/20/2023,"4,388.71",0.0002
6/21/2023,"4,365.69",0.0002
6/22/2023,"4,381.89",0.0002
6/23/2023,"4,348.33",0.0002
6/26/2023,"4,328.82",0.0002
6/27/2023,"4,378.41",0.0002
6/28/2023,"4,376.86",0.0002
6/29/2023,"4,396.44",0.0002
6/30/2023,"4,450.38",0.0002
7/3/2023,"4,455.59",0.0002
7/5/2023,"4,446.82",0.0002
7/6/2023,"4,411.59",0.0002
7/7/2023,"4,398.95",0.0002
7/10/2023,"4,409.53",0.0002
7/11/2023,"4,439.26",0.0002
7/12/2023,"4,472.16",0.0002
7/13/2023,"4,510.04",0.0002
7/14/2023,"4,505.42",0.0002
7/17/2023,"4,522.79",0.0002
7/18/2023,"4,554.98",0.0002
7/19/2023,"4,565.72",0.0002
7/20/2023,"4,534.87",0.0002
7/21/2023,"4,536.34",0.0002
7/24/2023,"4,554.64",0.0002
7/25/2023,"4,567.46",0.0002
7/26/2023,"4,566.75",0.0002
7/27/2023,"4,537.41",0.0002
7/28/2023,"4,582.23",0.0002
7/31/2023,"4,588.96",0.0002
8/1/2023,"4,576.73",0.0002
8/2/2023,"4,513.39",0.0002
8/3/2023,"4,501.89",0.0002
8/4/2023,"4,478.03",0.0002
8/7/2023,"4,518.44",0.0002
8/8/2023,"4,499.38",0.0002
8/9/2023,"4,467.71",0.0002
8/10/2023,"4,468.83",0.0002
8/11/2023,"4,464.05",0.0002
8/14/2023,"4,489.72",0.0002
8/15/2023,"4,437.86",0.0002
8/16/2023,"4,404.33",0.0002
8/17/2023,"4,370.36",0.0002
8/18/2023,"4,369.71",0.0002
8/21/2023,"4,399.77",0.0002
8/22/2023,"4,387.55",0.0002
8/23/2023,"4,436.01",0.0002
8/24/2023,"4,376.31",0.0002
8/25/2023,"4,405.71",0.0002
8/28/2023,"4,433.31",0.0002
8/29/2023,"4,497.63",0.0002
8/30/2023,"4,514.87",0.0002
8/31/2023,"4,507.66",0.0002
9/1/2023,"4,515.77",0.0002
9/5/2023,"4,496.83",0.0002
9/6/2023,"4,465.48",0.0002
9/7/2023,"4,451.14",0.0002
9/8/2023,"4,457.49",0.0002
9/11/2023,"4,487.46",0.0002
9/12/2023,"4,461.90",0.0002
9/13/2023,"4,467.44",0.0002
9/14/2023,"4,505.10",0.0002
9/15/2023,"4,450.32",0.0002
9/18/2023,"4,453.53",0.0002
9/19/2023,"4,443.95",0.0002
9/20/2023,"4,402.20",0.0002
9/21/2023,"4,330.00",0.0002
9/22/2023,"4,320.06",0.0002
9/25/2023,"4,337.44",0.0002
9/26/2023,"4,273.53",0.0002
9/27/2023,"4,274.51",0.0002
9/28/2023,"4,299.70",0.0002
9/29/2023,"4,288.05",0.0002
10/2/2023,"4,288.39",0.0002
10/3/2023,"4,229.45",0.0002
10/4/2023,"4,263.75",0.0002
10/5/2023,"4,258.19",0.0002
10/6/2023,"4,308.50",0.0002
10/9/2023,"4,335.66",0.0002
10/10/2023,"4,358.24",0.0002
10/11/2023,"4,376.95",0.0002
10/12/2023,"4,349.61",0.0002
10/13/2023,"4,327.78",0.0002
10/16/2023,"4,373.63",0.0002
10/17/2023,"4,373.20",0.0002
10/18/2023,"4,314.60",0.0002
10/19/2023,"4,278.00",0.0002
10/20/2023,"4,224.16",0.0002
10/23/2023,"4,217.04",0.0002
10/24/2023,"4,247.68",0.0002
10/25/2023,"4,186.77",0.0002
10/26/2023,"4,137.23",0.0002
10/27/2023,"4,117.37",0.0002
10/30/2023,"4,166.82",0.0002
10/31/2023,"4,193.80",0.0002
11/1/2023,"4,237.86",0.0002
11/2/2023,"4,317.78",0.0002
11/3/2023,"4,358.34",0.0002
11/6/2023,"4,365.98",0.0002
11/7/2023,"4,378.38",0.0002
11/8/2023,"4,382.78",0.0002
11/9/2023,"4,347.35",0.0002
11/10/2023,"4,415.24",0.0002
11/13/2023,"4,411.55",0.0002
11/14/2023,"4,495.70",0.0002
11/15/2023,"4,502.88",0.0002
11/16/2023,"4,508.24",0.0002
11/17/2023,"4,514.02",0.0002
11/20/2023,"4,547.38",0.0002
11/21/2023,"4,538.19",0.0002
11/22/2023,"4,556.62",0.0002
11/24/2023,"4,559.34",0.0002
11/27/2023,"4,550.43",0.0002
11/28/2023,"4,554.89",0.0002
11/29/2023,"4,550.58",0.0002
11/30/2023,"4,567.80",0.0002
12/1/2023,"4,594.63",0.0002
12/4/2023,"4,569.78",0.0002
12/5/2023,"4,567.18",0.0002
12/6/2023,"4,549.34",0.0002
12/7/2023,"4,585.59",0.0002
12/8/2023,"4,604.37",0.0002
12/11/2023,"4,622.44",0.0002
12/12/2023,"4,643.70",0.0002
12/13/2023,"4,707.09",0.0002
12/14/2023,"4,719.55",0.0002
12/15/2023,"4,719.19",0.0002
12/18/2023,"4,740.56",0.0002
12/19/2023,"4,768.37",0.0002
12/20/2023,"4,698.35",0.0002
12/21/2023,"4,746.75",0.0002
12/22/2023,"4,754.63",0.0002
12/26/2023,"4,774.75",0.0002
12/27/2023,"4,781.58",0.0002
12/28/2023,"4,783.35",0.0002
12/29/2023,"4,769.83",0.0002
1/2/2024,"4,742.83",0.0002
1/3/2024,"4,704.81",0.0002
1/4/2024,"4,688.68",0.0002
1/5/2024,"4,697.24",0.0002
1/8/2024,"4,763.54",0.0002
1/9/2024,"4,756.50",0.0002
1/10/2024,"4,783.45",0.0002
1/11/2024,"4,780.24",0.0002
1/12/2024,"4,783.83",0.0002
1/16/2024,"4,765.98",0.0002
1/17/2024,"4,739.21",0.0002
1/18/2024,"4,780.94",0.0002
1/19/2024,"4,839.81",0.0002
1/22/2024,"4,850.43",0.0002
1/23/2024,"4,864.60",0.0002
1/24/2024,"4,868.55",0.0002
1/25/2024,"4,894.16",0.0002
1/26/2024,"4,890.97",0.0002
1/29/2024,"4,927.93",0.0002
1/30/2024,"4,924.97",0.0002
1/31/2024,"4,845.65",0.0002
2/1/2024,"4,906.19",0.0002
2/2/2024,"4,958.61",0.0002
2/5/2024,"4,942.81",0.0002
2/6/2024,"4,954.23",0.0002
2/7/2024,"4,995.06",0.0002
2/8/2024,"4,997.91",0.0002
2/9/2024,"5,026.61",0.0002
2/12/2024,"5,021.84",0.0002
2/13/2024,"4,953.17",0.0002
2/14/2024,"5,000.62",0.0002
2/15/2024,"5,029.73",0.0002
2/16/2024,"5,005.57",0.0002
2/20/2024,"4,975.51",0.0002
2/21/2024,"4,981.80",0.0002
2/22/2024,"5,087.03",0.0002
2/23/2024,"5,088.80",0.0002
2/26/2024,"5,069.53",0.0002
2/27/2024,"5,078.18",0.0002
2/28/2024,"5,069.76",0.0002
2/29/2024,"5,096.27",0.0002
3/1/2024,"5,137.08",0.0002
3/4/2024,"5,130.95",0.0002
3/5/2024,"5,078.65",0.0002
3/6/2024,"5,104.76",0.0002
3/7/2024,"5,157.36",0.0002
3/8/2024,"5,123.69",0.0002
3/11/2024,"5,117.94",0.0002
3/12/2024,"5,175.27",0.0002
3/13/2024,"5,165.31",0.0002
3/14/2024,"5,150.48",0.0002
3/15/2024,"5,117.09",0.0002
3/18/2024,"5,149.42",0.0002
3/19/2024,"5,178.51",0.0002
3/20/2024,"5,224.62",0.0002
3/21/2024,"5,241.53",0.0002
3/22/2024,"5,234.18",0.0002
3/25/2024,"5,218.19",0.0002
3/26/2024,"5,203.58",0.0002
3/27/2024,"5,248.49",0.0002
3/28/2024,"5,254.35",0.0002
4/1/2024,"5,243.77",0.0002
4/2/2024,"5,205.81",0.0002
4/3/2024,"5,211.49",0.0002
4/4/2024,"5,147.21",0.0002
4/5/2024,"5,204.34",0.0002
4/8/2024,"5,202.39",0.0002
4/9/2024,"5,209.91",0.0002
4/10/2024,"5,160.64",0.0002
4/11/2024,"5,199.06",0.0002
4/12/2024,"5,123.41",0.0002
4/15/2024,"5,061.82",0.0002
4/16/2024,"5,051.41",0.0002
4/17/2024,"5,022.21",0.0002
4/18/2024,"5,011.12",0.0002
4/19/2024,"4,967.23",0.0002
4/22/2024,"5,010.60",0.0002
4/23/2024,"5,070.55",0.0002
4/24/2024,"5,071.63",0.0002
4/25/2024,"5,048.42",0.0002
4/26/2024,"5,099.96",0.0002
4/29/2024,"5,116.17",0.0002
4/30/2024,"5,035.69",0.0002
5/1/2024,"5,018.39",0.0002
5/2/2024,"5,064.20",0.0002
5/3/2024,"5,127.79",0.0002
5/6/2024,"5,180.74",0.0002
5/7/2024,"5,187.70",0.0002
5/8/2024,"5,187.67",0.0002
5/9/2024,"5,214.08",0.0002
5/10/2024,"5,222.68",0.0002
5/13/2024,"5,221.42",0.0002
5/14/2024,"5,246.68",0.0002
5/15/2024,"5,308.15",0.0002
5/16/2024,"5,297.10",0.0002
5/17/2024,"5,303.27",0.0002
5/20/2024,"5,308.13",0.0002
5/21/2024,"5,321.41",0.0002
5/22/2024,"5,307.01",0.0002
5/23/2024,"5,267.84",0.0002
5/24/2024,"5,304.72",0.0002
5/28/2024,"5,306.04",0.0002
5/29/2024,"5,266.95",0.0002
5/30/2024,"5,235.48",0.0002
5/31/2024,"5,277.51",0.0002
6/3/2024,"5,283.40",0.0002
6/4/2024,"5,291.34",0.0002
6/5/2024,"5,354.03",0.0002
6/6/2024,"5,352.96",0.0002
6/7/2024,"5,346.99",0.0002
6/10/2024,"5,360.79",0.0002
6/11/2024,"5,375.32",0.0002
6/12/2024,"5,421.03",0.0002
6/13/2024,"5,433.74",0.0002
6/14/2024,"5,431.60",0.0002
6/17/2024,"5,473.23",0.0002
6/18/2024,"5,487.03",0.0002
6/20/2024,"5,473.17",0.0002
6/21/2024,"5,464.62",0.0002
6/24/2024,"5,447.87",0.0002
6/25/2024,"5,469.30",0.0002
6/26/2024,"5,477.90",0.0002
6/27/2024,"5,482.87",0.0002
6/28/2024,"5,460.48",0.0002
7/1/2024,"5,475.09",0.0002
7/2/2024,"5,509.01",0.0002
7/3/2024,"5,537.02",0.0002
7/5/2024,"5,567.19",0.0002
7/8/2024,"5,572.85",0.0002
7/9/2024,"5,576.98",0.0002
7/10/2024,"5,633.91",0.0002
7/11/2024,"5,584.54",0.0002
7/12/2024,"5,615.35",0.0002
7/15/2024,"5,631.22",0.0002
7/16/2024,"5,667.20",0.0002
7/17/2024,"5,588.27",0.0002
7/18/2024,"5,544.59",0.0002
7/19/2024,"5,505.00",0.0002
7/22/2024,"5,564.41",0.0002
7/23/2024,"5,555.74",0.0002
7/24/2024,"5,427.13",0.0002
7/25/2024,"5,399.22",0.0002
7/26/2024,"5,459.10",0.0002
7/29/2024,"5,463.54",0.0002
7/30/2024,"5,436.44",0.0002
7/31/2024,"5,522.30",0.0002
8/1/2024,"5,446.68",0.0002
8/2/2024,"5,346.56",0.0002
8/5/2024,"5,186.33",0.0002
8/6/2024,"5,240.03",0.0002
8/7/2024,"5,199.50",0.0002
8/8/2024,"5,319.31",0.0002
8/9/2024,"5,344.16",0.0002
8/12/2024,"5,344.39",0.0002
8/13/2024,"5,434.43",0.0002
8/14/2024,"5,455.21",0.0002
8/15/2024,"5,543.22",0.0002
8/16/2024,"5,554.25",0.0002
8/19/2024,"5,608.25",0.0002
8/20/2024,"5,597.12",0.0002
8/21/2024,"5,620.85",0.0002
8/22/2024,"5,570.64",0.0002
8/23/2024,"5,634.61",0.0002
8/26/2024,"5,616.84",0.0002
8/27/2024,"5,625.80",0.0002
8/28/2024,"5,592.18",0.0002
8/29/2024,"5,591.96",0.0002
8/30/2024,"5,648.40",0.0002
9/3/2024,"5,528.93",0.0002
9/4/2024,"5,520.07",0.0002
9/5/2024,"5,503.41",0.0002
9/6/2024,"5,408.42",0.0002
9/9/2024,"5,471.05",0.0002
9/10/2024,"5,495.52",0.0002
9/11/2024,"5,554.13",0.0002
9/12/2024,"5,595.76",0.0002
9/13/2024,"5,626.02",0.0002
9/16/2024,"5,633.09",0.0002
9/17/2024,"5,634.58",0.0002
9/18/2024,"5,618.26",0.0002
9/19/2024,"5,713.64",0.0002
9/20/2024,"5,702.55",0.0002
9/23/2024,"5,718.57",0.0002
9/24/2024,"5,732.93",0.0002
9/25/2024,"5,722.26",0.0002
9/26/2024,"5,745.37",0.0002
9/27/2024,"5,738.17",0.0002
9/30/2024,"5,762.48",0.0002
10/1/2024,"5,708.75",0.0002
10/2/2024,"5,709.54",0.0002
10/3/2024,"5,699.94",0.0002
10/4/2024,"5,751.07",0.0002
10/7/2024,"5,695.94",0.0002
10/8/2024,"5,751.13",0.0002
10/9/2024,"5,792.04",0.0002
10/10/2024,"5,780.05",0.0002
10/11/2024,"5,815.03",0.0002
10/14/2024,"5,859.85",0.0002
10/15/2024,"5,815.26",0.0002
10/16/2024,"5,842.47",0.0002
10/17/2024,"5,841.47",0.0002
10/18/2024,"5,864.67",0.0002
10/21/2024,"5,853.98",0.0002
10/22/2024,"5,851.20",0.0002
10/23/2024,"5,797.42",0.0002
10/24/2024,"5,809.86",0.0002
10/25/2024,"5,808.12",0.0002
10/28/2024,"5,823.52",0.0002
10/29/2024,"5,832.92",0.0002
10/30/2024,"5,813.67",0.0002
10/31/2024,"5,705.45",0.0002
11/1/2024,"5,728.80",0.0002
11/4/2024,"5,712.69",0.0002
11/5/2024,"5,782.76",0.0002
11/6/2024,"5,929.04",0.0002
11/7/2024,"5,973.10",0.0002
11/8/2024,"5,995.54",0.0002
11/11/2024,"6,001.35",0.0002
11/12/2024,"5,983.99",0.0002
11/13/2024,"5,985.38",0.0002
11/14/2024,"5,949.17",0.0002
11/15/2024,"5,870.62",0.0002
11/18/2024,"5,893.62",0.0002
11/19/2024,"5,916.98",0.0002
11/20/2024,"5,917.11",0.0002
11/21/2024,"5,948.71",0.0002
11/22/2024,"5,969.34",0.0002
11/25/2024,"5,987.37",0.0002
11/26/2024,"6,021.63",0.0002
11/27/2024,"5,998.74",0.0002
11/29/2024,"6,032.38",0.0002
12/2/2024,"6,047.15",0.0002
12/3/2024,"6,049.88",0.0002
12/4/2024,"6,086.49",0.0002
12/5/2024,"6,075.11",0.0002
12/6/2024,"6,090.27",0.0002
12/9/2024,"6,052.85",0.0002
12/10/2024,"6,034.91",0.0002
12/11/2024,"6,084.19",0.0002
12/12/2024,"6,051.25",0.0002
12/13/2024,"6,051.09",0.0002
12/16/2024,"6,074.08",0.0002
12/17/2024,"6,050.61",0.0002
12/18/2024,"5,872.16",0.0002
12/19/2024,"5,867.08",0.0002
12/20/2024,"5,930.85",0.0002
12/23/2024,"5,974.07",0.0002
12/24/2024,"6,040.04",0.0002
12/26/2024,"6,037.59",0.0002
12/27/2024,"5,970.84",0.0002
12/30/2024,"5,906.94",0.0002
12/31/2024,"5,881.63",0.0002
1/2/2025,"5,868.55",0.0002
1/3/2025,"5,942.47",0.0002
1/6/2025,"5,975.38",0.0002
1/7/2025,"5,909.03",0.0002
1/8/2025,"5,918.25",0.0002
1/10/2025,"5,827.04",0.0002
1/13/2025,"5,836.22",0.0002
1/14/2025,"5,842.91",0.0002
1/15/2025,"5,949.91",0.0002
1/16/2025,"5,937.34",0.0002
1/17/2025,"5,996.66",0.0002
1/21/2025,"6,049.24",0.0002
1/22/2025,"6,086.37",0.0002
1/23/2025,"6,118.71",0.0002
1/24/2025,"6,101.24",0.0002
1/27/2025,"6,012.28",0.0002
1/28/2025,"6,067.70",0.0002
1/29/2025,"6,039.31",0.0002
1/30/2025,"6,071.17",0.0002
1/31/2025,"6,040.53",0.0002
